area,item,element,year,unit,value
United Kingdom of Great Britain and Northern Ireland,Pre- and post-production,Emissions (CO2),1990,kt,66314.860577
United Kingdom of Great Britain and Northern Ireland,Pre- and post-production,Emissions (CO2),1991,kt,67523.351593
United Kingdom of Great Britain and Northern Ireland,Pre- and post-production,Emissions (CO2),1992,kt,68089.09225
United Kingdom of Great Britain and Northern Ireland,Pre- and post-production,Emissions (CO2),1993,kt,65300.543709
United Kingdom of Great Britain and Northern Ireland,Pre- and post-production,Emissions (CO2),1994,kt,63151.296102
United Kingdom of Great Britain and Northern Ireland,Pre- and post-production,Emissions (CO2),1995,kt,61706.391604
United Kingdom of Great Britain and Northern Ireland,Pre- and post-production,Emissions (CO2),1996,kt,63275.325255
United Kingdom of Great Britain and Northern Ireland,Pre- and post-production,Emissions (CO2),1997,kt,60148.599387
United Kingdom of Great Britain and Northern Ireland,Pre- and post-production,Emissions (CO2),1998,kt,59006.48236
United Kingdom of Great Britain and Northern Ireland,Pre- and post-production,Emissions (CO2),1999,kt,57930.289485
United Kingdom of Great Britain and Northern Ireland,Pre- and post-production,Emissions (CO2),2000,kt,57712.010868
United Kingdom of Great Britain and Northern Ireland,Pre- and post-production,Emissions (CO2),2001,kt,59280.135472
United Kingdom of Great Britain and Northern Ireland,Pre- and post-production,Emissions (CO2),2002,kt,58536.007712
United Kingdom of Great Britain and Northern Ireland,Pre- and post-production,Emissions (CO2),2003,kt,58724.36737
United Kingdom of Great Britain and Northern Ireland,Pre- and post-production,Emissions (CO2),2004,kt,59635.815719
United Kingdom of Great Britain and Northern Ireland,Pre- and post-production,Emissions (CO2),2005,kt,59165.544465
United Kingdom of Great Britain and Northern Ireland,Pre- and post-production,Emissions (CO2),2006,kt,58832.955643
United Kingdom of Great Britain and Northern Ireland,Pre- and post-production,Emissions (CO2),2007,kt,57354.655202
United Kingdom of Great Britain and Northern Ireland,Pre- and post-production,Emissions (CO2),2008,kt,55739.401449
United Kingdom of Great Britain and Northern Ireland,Pre- and post-production,Emissions (CO2),2009,kt,49955.208752
United Kingdom of Great Britain and Northern Ireland,Pre- and post-production,Emissions (CO2),2010,kt,51817.522221
United Kingdom of Great Britain and Northern Ireland,Pre- and post-production,Emissions (CO2),2011,kt,49087.454545
United Kingdom of Great Britain and Northern Ireland,Pre- and post-production,Emissions (CO2),2012,kt,51951.147379
United Kingdom of Great Britain and Northern Ireland,Pre- and post-production,Emissions (CO2),2013,kt,50096.929423
United Kingdom of Great Britain and Northern Ireland,Pre- and post-production,Emissions (CO2),2014,kt,45691.7245
United Kingdom of Great Britain and Northern Ireland,Pre- and post-production,Emissions (CO2),2015,kt,42459.387687
United Kingdom of Great Britain and Northern Ireland,Pre- and post-production,Emissions (CO2),2016,kt,38356.577631
United Kingdom of Great Britain and Northern Ireland,Pre- and post-production,Emissions (CO2),2017,kt,36671.612511
United Kingdom of Great Britain and Northern Ireland,Pre- and post-production,Emissions (CO2),2018,kt,36487.892109
United Kingdom of Great Britain and Northern Ireland,Pre- and post-production,Emissions (CO2),2019,kt,35207.124836
United Kingdom of Great Britain and Northern Ireland,Pre- and post-production,Emissions (CO2),2020,kt,32591.706571
United Kingdom of Great Britain and Northern Ireland,Pre- and post-production,Emissions (CO2),2021,kt,34155.745285
United Kingdom of Great Britain and Northern Ireland,Pre- and post-production,Emissions (CO2),2022,kt,32527.282739
United Kingdom of Great Britain and Northern Ireland,Pre- and post-production,Emissions (CO2),2023,kt,32527.971755
United Kingdom of Great Britain and Northern Ireland,Pre- and post-production,Emissions (CH4),1990,kt,235.109464
United Kingdom of Great Britain and Northern Ireland,Pre- and post-production,Emissions (CH4),1991,kt,239.057469
United Kingdom of Great Britain and Northern Ireland,Pre- and post-production,Emissions (CH4),1992,kt,241.514469
United Kingdom of Great Britain and Northern Ireland,Pre- and post-production,Emissions (CH4),1993,kt,243.986342
United Kingdom of Great Britain and Northern Ireland,Pre- and post-production,Emissions (CH4),1994,kt,244.387521
United Kingdom of Great Britain and Northern Ireland,Pre- and post-production,Emissions (CH4),1995,kt,248.005045
United Kingdom of Great Britain and Northern Ireland,Pre- and post-production,Emissions (CH4),1996,kt,243.033454
United Kingdom of Great Britain and Northern Ireland,Pre- and post-production,Emissions (CH4),1997,kt,246.689121
United Kingdom of Great Britain and Northern Ireland,Pre- and post-production,Emissions (CH4),1998,kt,410.985581
United Kingdom of Great Britain and Northern Ireland,Pre- and post-production,Emissions (CH4),1999,kt,236.985175
United Kingdom of Great Britain and Northern Ireland,Pre- and post-production,Emissions (CH4),2000,kt,230.025908
United Kingdom of Great Britain and Northern Ireland,Pre- and post-production,Emissions (CH4),2001,kt,222.516003
United Kingdom of Great Britain and Northern Ireland,Pre- and post-production,Emissions (CH4),2002,kt,239.149212
United Kingdom of Great Britain and Northern Ireland,Pre- and post-production,Emissions (CH4),2003,kt,234.714475
United Kingdom of Great Britain and Northern Ireland,Pre- and post-production,Emissions (CH4),2004,kt,231.544603
United Kingdom of Great Britain and Northern Ireland,Pre- and post-production,Emissions (CH4),2005,kt,572.484763
United Kingdom of Great Britain and Northern Ireland,Pre- and post-production,Emissions (CH4),2006,kt,606.539884
United Kingdom of Great Britain and Northern Ireland,Pre- and post-production,Emissions (CH4),2007,kt,210.200439
United Kingdom of Great Britain and Northern Ireland,Pre- and post-production,Emissions (CH4),2008,kt,212.012892
United Kingdom of Great Britain and Northern Ireland,Pre- and post-production,Emissions (CH4),2009,kt,223.123967
United Kingdom of Great Britain and Northern Ireland,Pre- and post-production,Emissions (CH4),2010,kt,222.905671
United Kingdom of Great Britain and Northern Ireland,Pre- and post-production,Emissions (CH4),2011,kt,223.486372
United Kingdom of Great Britain and Northern Ireland,Pre- and post-production,Emissions (CH4),2012,kt,214.453229
United Kingdom of Great Britain and Northern Ireland,Pre- and post-production,Emissions (CH4),2013,kt,215.323302
United Kingdom of Great Britain and Northern Ireland,Pre- and post-production,Emissions (CH4),2014,kt,210.389691
United Kingdom of Great Britain and Northern Ireland,Pre- and post-production,Emissions (CH4),2015,kt,206.463229
United Kingdom of Great Britain and Northern Ireland,Pre- and post-production,Emissions (CH4),2016,kt,207.565233
United Kingdom of Great Britain and Northern Ireland,Pre- and post-production,Emissions (CH4),2017,kt,207.302565
United Kingdom of Great Britain and Northern Ireland,Pre- and post-production,Emissions (CH4),2018,kt,208.36008
United Kingdom of Great Britain and Northern Ireland,Pre- and post-production,Emissions (CH4),2019,kt,208.768097
United Kingdom of Great Britain and Northern Ireland,Pre- and post-production,Emissions (CH4),2020,kt,208.7841
United Kingdom of Great Britain and Northern Ireland,Pre- and post-production,Emissions (CH4),2021,kt,209.485311
United Kingdom of Great Britain and Northern Ireland,Pre- and post-production,Emissions (CH4),2022,kt,210.215032
United Kingdom of Great Britain and Northern Ireland,Pre- and post-production,Emissions (CH4),2023,kt,211.009727
United Kingdom of Great Britain and Northern Ireland,Pre- and post-production,Emissions (N2O),1990,kt,4.511904
United Kingdom of Great Britain and Northern Ireland,Pre- and post-production,Emissions (N2O),1991,kt,4.522549
United Kingdom of Great Britain and Northern Ireland,Pre- and post-production,Emissions (N2O),1992,kt,4.571911
United Kingdom of Great Britain and Northern Ireland,Pre- and post-production,Emissions (N2O),1993,kt,4.521114
United Kingdom of Great Britain and Northern Ireland,Pre- and post-production,Emissions (N2O),1994,kt,4.523537
United Kingdom of Great Britain and Northern Ireland,Pre- and post-production,Emissions (N2O),1995,kt,4.477021
United Kingdom of Great Britain and Northern Ireland,Pre- and post-production,Emissions (N2O),1996,kt,4.578479
United Kingdom of Great Britain and Northern Ireland,Pre- and post-production,Emissions (N2O),1997,kt,4.650834
United Kingdom of Great Britain and Northern Ireland,Pre- and post-production,Emissions (N2O),1998,kt,4.626835
United Kingdom of Great Britain and Northern Ireland,Pre- and post-production,Emissions (N2O),1999,kt,4.68273
United Kingdom of Great Britain and Northern Ireland,Pre- and post-production,Emissions (N2O),2000,kt,4.702964
United Kingdom of Great Britain and Northern Ireland,Pre- and post-production,Emissions (N2O),2001,kt,4.821176
United Kingdom of Great Britain and Northern Ireland,Pre- and post-production,Emissions (N2O),2002,kt,5.103732
United Kingdom of Great Britain and Northern Ireland,Pre- and post-production,Emissions (N2O),2003,kt,5.157772
United Kingdom of Great Britain and Northern Ireland,Pre- and post-production,Emissions (N2O),2004,kt,5.131653
United Kingdom of Great Britain and Northern Ireland,Pre- and post-production,Emissions (N2O),2005,kt,5.161751
United Kingdom of Great Britain and Northern Ireland,Pre- and post-production,Emissions (N2O),2006,kt,5.128247
United Kingdom of Great Britain and Northern Ireland,Pre- and post-production,Emissions (N2O),2007,kt,5.132702
United Kingdom of Great Britain and Northern Ireland,Pre- and post-production,Emissions (N2O),2008,kt,5.101921
United Kingdom of Great Britain and Northern Ireland,Pre- and post-production,Emissions (N2O),2009,kt,5.226251
United Kingdom of Great Britain and Northern Ireland,Pre- and post-production,Emissions (N2O),2010,kt,5.231605
United Kingdom of Great Britain and Northern Ireland,Pre- and post-production,Emissions (N2O),2011,kt,5.309809
United Kingdom of Great Britain and Northern Ireland,Pre- and post-production,Emissions (N2O),2012,kt,5.296065
United Kingdom of Great Britain and Northern Ireland,Pre- and post-production,Emissions (N2O),2013,kt,5.280222
United Kingdom of Great Britain and Northern Ireland,Pre- and post-production,Emissions (N2O),2014,kt,5.367229
United Kingdom of Great Britain and Northern Ireland,Pre- and post-production,Emissions (N2O),2015,kt,5.386402
United Kingdom of Great Britain and Northern Ireland,Pre- and post-production,Emissions (N2O),2016,kt,5.421408
United Kingdom of Great Britain and Northern Ireland,Pre- and post-production,Emissions (N2O),2017,kt,5.439269
United Kingdom of Great Britain and Northern Ireland,Pre- and post-production,Emissions (N2O),2018,kt,5.472992
United Kingdom of Great Britain and Northern Ireland,Pre- and post-production,Emissions (N2O),2019,kt,5.421025
United Kingdom of Great Britain and Northern Ireland,Pre- and post-production,Emissions (N2O),2020,kt,5.432377
United Kingdom of Great Britain and Northern Ireland,Pre- and post-production,Emissions (N2O),2021,kt,5.466791
United Kingdom of Great Britain and Northern Ireland,Pre- and post-production,Emissions (N2O),2022,kt,5.512175
United Kingdom of Great Britain and Northern Ireland,Pre- and post-production,Emissions (N2O),2023,kt,5.531946
United Kingdom of Great Britain and Northern Ireland,Pre- and post-production,Emissions (CO2eq) from F-gases (AR5),1990,kt,3715.652211
United Kingdom of Great Britain and Northern Ireland,Pre- and post-production,Emissions (CO2eq) from F-gases (AR5),1991,kt,3604.996191
United Kingdom of Great Britain and Northern Ireland,Pre- and post-production,Emissions (CO2eq) from F-gases (AR5),1992,kt,3615.256039
United Kingdom of Great Britain and Northern Ireland,Pre- and post-production,Emissions (CO2eq) from F-gases (AR5),1993,kt,120.669713
United Kingdom of Great Britain and Northern Ireland,Pre- and post-production,Emissions (CO2eq) from F-gases (AR5),1994,kt,26.167561
United Kingdom of Great Britain and Northern Ireland,Pre- and post-production,Emissions (CO2eq) from F-gases (AR5),1995,kt,48.115188
United Kingdom of Great Britain and Northern Ireland,Pre- and post-production,Emissions (CO2eq) from F-gases (AR5),1996,kt,194.682358
United Kingdom of Great Britain and Northern Ireland,Pre- and post-production,Emissions (CO2eq) from F-gases (AR5),1997,kt,412.51753
United Kingdom of Great Britain and Northern Ireland,Pre- and post-production,Emissions (CO2eq) from F-gases (AR5),1998,kt,719.559597
United Kingdom of Great Britain and Northern Ireland,Pre- and post-production,Emissions (CO2eq) from F-gases (AR5),1999,kt,1092.915407
United Kingdom of Great Britain and Northern Ireland,Pre- and post-production,Emissions (CO2eq) from F-gases (AR5),2000,kt,1468.785581
United Kingdom of Great Britain and Northern Ireland,Pre- and post-production,Emissions (CO2eq) from F-gases (AR5),2001,kt,1828.053622
United Kingdom of Great Britain and Northern Ireland,Pre- and post-production,Emissions (CO2eq) from F-gases (AR5),2002,kt,2150.226304
United Kingdom of Great Britain and Northern Ireland,Pre- and post-production,Emissions (CO2eq) from F-gases (AR5),2003,kt,2501.644963
United Kingdom of Great Britain and Northern Ireland,Pre- and post-production,Emissions (CO2eq) from F-gases (AR5),2004,kt,2868.651456
United Kingdom of Great Britain and Northern Ireland,Pre- and post-production,Emissions (CO2eq) from F-gases (AR5),2005,kt,3265.046571
United Kingdom of Great Britain and Northern Ireland,Pre- and post-production,Emissions (CO2eq) from F-gases (AR5),2006,kt,3693.050067
United Kingdom of Great Britain and Northern Ireland,Pre- and post-production,Emissions (CO2eq) from F-gases (AR5),2007,kt,4118.758758
United Kingdom of Great Britain and Northern Ireland,Pre- and post-production,Emissions (CO2eq) from F-gases (AR5),2008,kt,4481.084307
United Kingdom of Great Britain and Northern Ireland,Pre- and post-production,Emissions (CO2eq) from F-gases (AR5),2009,kt,4812.342589
United Kingdom of Great Britain and Northern Ireland,Pre- and post-production,Emissions (CO2eq) from F-gases (AR5),2010,kt,5157.869868
United Kingdom of Great Britain and Northern Ireland,Pre- and post-production,Emissions (CO2eq) from F-gases (AR5),2011,kt,5480.60594
United Kingdom of Great Britain and Northern Ireland,Pre- and post-production,Emissions (CO2eq) from F-gases (AR5),2012,kt,5752.19707
United Kingdom of Great Britain and Northern Ireland,Pre- and post-production,Emissions (CO2eq) from F-gases (AR5),2013,kt,5894.900913
United Kingdom of Great Britain and Northern Ireland,Pre- and post-production,Emissions (CO2eq) from F-gases (AR5),2014,kt,5891.390615
United Kingdom of Great Britain and Northern Ireland,Pre- and post-production,Emissions (CO2eq) from F-gases (AR5),2015,kt,5761.192821
United Kingdom of Great Britain and Northern Ireland,Pre- and post-production,Emissions (CO2eq) from F-gases (AR5),2016,kt,5619.659211
United Kingdom of Great Britain and Northern Ireland,Pre- and post-production,Emissions (CO2eq) from F-gases (AR5),2017,kt,5437.20561
United Kingdom of Great Britain and Northern Ireland,Pre- and post-production,Emissions (CO2eq) from F-gases (AR5),2018,kt,5145.440841
United Kingdom of Great Britain and Northern Ireland,Pre- and post-production,Emissions (CO2eq) from F-gases (AR5),2019,kt,4793.781243
United Kingdom of Great Britain and Northern Ireland,Pre- and post-production,Emissions (CO2eq) from F-gases (AR5),2020,kt,4518.416889
United Kingdom of Great Britain and Northern Ireland,Pre- and post-production,Emissions (CO2eq) from F-gases (AR5),2021,kt,4269.374154
United Kingdom of Great Britain and Northern Ireland,Pre- and post-production,Emissions (CO2eq) from F-gases (AR5),2022,kt,4269.374154
United Kingdom of Great Britain and Northern Ireland,Pre- and post-production,Emissions (CO2eq) from F-gases (AR5),2023,kt,4269.374154
United Kingdom of Great Britain and Northern Ireland,Pre- and post-production,Emissions (CO2eq) (AR5),1990,kt,77809.232365
United Kingdom of Great Britain and Northern Ireland,Pre- and post-production,Emissions (CO2eq) (AR5),1991,kt,79020.432438
United Kingdom of Great Britain and Northern Ireland,Pre- and post-production,Emissions (CO2eq) (AR5),1992,kt,79678.309919
United Kingdom of Great Britain and Northern Ireland,Pre- and post-production,Emissions (CO2eq) (AR5),1993,kt,73450.926091
United Kingdom of Great Britain and Northern Ireland,Pre- and post-production,Emissions (CO2eq) (AR5),1994,kt,71219.051561
United Kingdom of Great Britain and Northern Ireland,Pre- and post-production,Emissions (CO2eq) (AR5),1995,kt,69885.058709
United Kingdom of Great Britain and Northern Ireland,Pre- and post-production,Emissions (CO2eq) (AR5),1996,kt,71488.241354
United Kingdom of Great Britain and Northern Ireland,Pre- and post-production,Emissions (CO2eq) (AR5),1997,kt,68700.883416
United Kingdom of Great Britain and Northern Ireland,Pre- and post-production,Emissions (CO2eq) (AR5),1998,kt,72459.749622
United Kingdom of Great Britain and Northern Ireland,Pre- and post-production,Emissions (CO2eq) (AR5),1999,kt,66899.713225
United Kingdom of Great Britain and Northern Ireland,Pre- and post-production,Emissions (CO2eq) (AR5),2000,kt,66867.80736
United Kingdom of Great Britain and Northern Ireland,Pre- and post-production,Emissions (CO2eq) (AR5),2001,kt,68616.248906
United Kingdom of Great Britain and Northern Ireland,Pre- and post-production,Emissions (CO2eq) (AR5),2002,kt,68734.90102
United Kingdom of Great Britain and Northern Ireland,Pre- and post-production,Emissions (CO2eq) (AR5),2003,kt,69164.827098
United Kingdom of Great Britain and Northern Ireland,Pre- and post-production,Emissions (CO2eq) (AR5),2004,kt,70347.604028
United Kingdom of Great Britain and Northern Ireland,Pre- and post-production,Emissions (CO2eq) (AR5),2005,kt,79828.028297
United Kingdom of Great Britain and Northern Ireland,Pre- and post-production,Emissions (CO2eq) (AR5),2006,kt,80868.107832
United Kingdom of Great Britain and Northern Ireland,Pre- and post-production,Emissions (CO2eq) (AR5),2007,kt,68719.192228
United Kingdom of Great Britain and Northern Ireland,Pre- and post-production,Emissions (CO2eq) (AR5),2008,kt,67508.855853
United Kingdom of Great Britain and Northern Ireland,Pre- and post-production,Emissions (CO2eq) (AR5),2009,kt,62399.978967
United Kingdom of Great Britain and Northern Ireland,Pre- and post-production,Emissions (CO2eq) (AR5),2010,kt,64603.126303
United Kingdom of Great Britain and Northern Ireland,Pre- and post-production,Emissions (CO2eq) (AR5),2011,kt,62232.778299
United Kingdom of Great Britain and Northern Ireland,Pre- and post-production,Emissions (CO2eq) (AR5),2012,kt,65111.492171
United Kingdom of Great Britain and Northern Ireland,Pre- and post-production,Emissions (CO2eq) (AR5),2013,kt,63420.141731
United Kingdom of Great Britain and Northern Ireland,Pre- and post-production,Emissions (CO2eq) (AR5),2014,kt,58896.34225
United Kingdom of Great Britain and Northern Ireland,Pre- and post-production,Emissions (CO2eq) (AR5),2015,kt,55428.947455
United Kingdom of Great Britain and Northern Ireland,Pre- and post-production,Emissions (CO2eq) (AR5),2016,kt,51224.736441
United Kingdom of Great Britain and Northern Ireland,Pre- and post-production,Emissions (CO2eq) (AR5),2017,kt,49354.696236
United Kingdom of Great Britain and Northern Ireland,Pre- and post-production,Emissions (CO2eq) (AR5),2018,kt,48917.758105
United Kingdom of Great Britain and Northern Ireland,Pre- and post-production,Emissions (CO2eq) (AR5),2019,kt,47282.98441
United Kingdom of Great Britain and Northern Ireland,Pre- and post-production,Emissions (CO2eq) (AR5),2020,kt,44395.65811
United Kingdom of Great Britain and Northern Ireland,Pre- and post-production,Emissions (CO2eq) (AR5),2021,kt,45739.407704
United Kingdom of Great Britain and Northern Ireland,Pre- and post-production,Emissions (CO2eq) (AR5),2022,kt,44143.404131
United Kingdom of Great Britain and Northern Ireland,Pre- and post-production,Emissions (CO2eq) (AR5),2023,kt,44171.58392
United Kingdom of Great Britain and Northern Ireland,Pre- and post-production,"Energy Use (Natural Gas, including LNG)",1990,TJ,239498.507666
United Kingdom of Great Britain and Northern Ireland,Pre- and post-production,"Energy Use (Natural Gas, including LNG)",1991,TJ,247295.966547
United Kingdom of Great Britain and Northern Ireland,Pre- and post-production,"Energy Use (Natural Gas, including LNG)",1992,TJ,261254.868698
United Kingdom of Great Britain and Northern Ireland,Pre- and post-production,"Energy Use (Natural Gas, including LNG)",1993,TJ,249714.843855
United Kingdom of Great Britain and Northern Ireland,Pre- and post-production,"Energy Use (Natural Gas, including LNG)",1994,TJ,304540.555599
United Kingdom of Great Britain and Northern Ireland,Pre- and post-production,"Energy Use (Natural Gas, including LNG)",1995,TJ,320474.930183
United Kingdom of Great Britain and Northern Ireland,Pre- and post-production,"Energy Use (Natural Gas, including LNG)",1996,TJ,360195.960193
United Kingdom of Great Britain and Northern Ireland,Pre- and post-production,"Energy Use (Natural Gas, including LNG)",1997,TJ,346977.309217
United Kingdom of Great Britain and Northern Ireland,Pre- and post-production,"Energy Use (Natural Gas, including LNG)",1998,TJ,355690.603522
United Kingdom of Great Britain and Northern Ireland,Pre- and post-production,"Energy Use (Natural Gas, including LNG)",1999,TJ,343351.219273
United Kingdom of Great Britain and Northern Ireland,Pre- and post-production,"Energy Use (Natural Gas, including LNG)",2000,TJ,348543.653248
United Kingdom of Great Britain and Northern Ireland,Pre- and post-production,"Energy Use (Natural Gas, including LNG)",2001,TJ,362706.920536
United Kingdom of Great Britain and Northern Ireland,Pre- and post-production,"Energy Use (Natural Gas, including LNG)",2002,TJ,352604.906075
United Kingdom of Great Britain and Northern Ireland,Pre- and post-production,"Energy Use (Natural Gas, including LNG)",2003,TJ,361567.872575
United Kingdom of Great Britain and Northern Ireland,Pre- and post-production,"Energy Use (Natural Gas, including LNG)",2004,TJ,367794.035302
United Kingdom of Great Britain and Northern Ireland,Pre- and post-production,"Energy Use (Natural Gas, including LNG)",2005,TJ,354257.398767
United Kingdom of Great Britain and Northern Ireland,Pre- and post-production,"Energy Use (Natural Gas, including LNG)",2006,TJ,334919.856369
United Kingdom of Great Britain and Northern Ireland,Pre- and post-production,"Energy Use (Natural Gas, including LNG)",2007,TJ,321268.772639
United Kingdom of Great Britain and Northern Ireland,Pre- and post-production,"Energy Use (Natural Gas, including LNG)",2008,TJ,338902.214805
United Kingdom of Great Britain and Northern Ireland,Pre- and post-production,"Energy Use (Natural Gas, including LNG)",2009,TJ,308648.44952
United Kingdom of Great Britain and Northern Ireland,Pre- and post-production,"Energy Use (Natural Gas, including LNG)",2010,TJ,340179.49488
United Kingdom of Great Britain and Northern Ireland,Pre- and post-production,"Energy Use (Natural Gas, including LNG)",2011,TJ,290983.944091
United Kingdom of Great Britain and Northern Ireland,Pre- and post-production,"Energy Use (Natural Gas, including LNG)",2012,TJ,317209.716209
United Kingdom of Great Britain and Northern Ireland,Pre- and post-production,"Energy Use (Natural Gas, including LNG)",2013,TJ,322222.110033
United Kingdom of Great Britain and Northern Ireland,Pre- and post-production,"Energy Use (Natural Gas, including LNG)",2014,TJ,280299.362352
United Kingdom of Great Britain and Northern Ireland,Pre- and post-production,"Energy Use (Natural Gas, including LNG)",2015,TJ,283039.91416
United Kingdom of Great Britain and Northern Ireland,Pre- and post-production,"Energy Use (Natural Gas, including LNG)",2016,TJ,241303.621955
United Kingdom of Great Britain and Northern Ireland,Pre- and post-production,"Energy Use (Natural Gas, including LNG)",2017,TJ,240499.314533
United Kingdom of Great Britain and Northern Ireland,Pre- and post-production,"Energy Use (Natural Gas, including LNG)",2018,TJ,249564.115672
United Kingdom of Great Britain and Northern Ireland,Pre- and post-production,"Energy Use (Natural Gas, including LNG)",2019,TJ,244277.055634
United Kingdom of Great Britain and Northern Ireland,Pre- and post-production,"Energy Use (Natural Gas, including LNG)",2020,TJ,238958.115476
United Kingdom of Great Britain and Northern Ireland,Pre- and post-production,"Energy Use (Natural Gas, including LNG)",2021,TJ,252253.388215
United Kingdom of Great Britain and Northern Ireland,Pre- and post-production,"Energy Use (Natural Gas, including LNG)",2022,TJ,223460.627592
United Kingdom of Great Britain and Northern Ireland,Pre- and post-production,"Energy Use (Natural Gas, including LNG)",2023,TJ,254664.927592
United Kingdom of Great Britain and Northern Ireland,Pre- and post-production,Energy Use (Coal),1990,TJ,59432.485041
United Kingdom of Great Britain and Northern Ireland,Pre- and post-production,Energy Use (Coal),1991,TJ,66429.917457
United Kingdom of Great Britain and Northern Ireland,Pre- and post-production,Energy Use (Coal),1992,TJ,66717.762168
United Kingdom of Great Britain and Northern Ireland,Pre- and post-production,Energy Use (Coal),1993,TJ,71779.56773
United Kingdom of Great Britain and Northern Ireland,Pre- and post-production,Energy Use (Coal),1994,TJ,58374.971331
United Kingdom of Great Britain and Northern Ireland,Pre- and post-production,Energy Use (Coal),1995,TJ,49344.55683
United Kingdom of Great Britain and Northern Ireland,Pre- and post-production,Energy Use (Coal),1996,TJ,35455.385493
United Kingdom of Great Britain and Northern Ireland,Pre- and post-production,Energy Use (Coal),1997,TJ,35007.318318
United Kingdom of Great Britain and Northern Ireland,Pre- and post-production,Energy Use (Coal),1998,TJ,27999.43713
United Kingdom of Great Britain and Northern Ireland,Pre- and post-production,Energy Use (Coal),1999,TJ,23980.662373
United Kingdom of Great Britain and Northern Ireland,Pre- and post-production,Energy Use (Coal),2000,TJ,7697.264034
United Kingdom of Great Britain and Northern Ireland,Pre- and post-production,Energy Use (Coal),2001,TJ,8714.853507
United Kingdom of Great Britain and Northern Ireland,Pre- and post-production,Energy Use (Coal),2002,TJ,6825.087226
United Kingdom of Great Britain and Northern Ireland,Pre- and post-production,Energy Use (Coal),2003,TJ,6515.577962
United Kingdom of Great Britain and Northern Ireland,Pre- and post-production,Energy Use (Coal),2004,TJ,5769.16585
United Kingdom of Great Britain and Northern Ireland,Pre- and post-production,Energy Use (Coal),2005,TJ,4918.231545
United Kingdom of Great Britain and Northern Ireland,Pre- and post-production,Energy Use (Coal),2006,TJ,4793.379109
United Kingdom of Great Britain and Northern Ireland,Pre- and post-production,Energy Use (Coal),2007,TJ,5601.893664
United Kingdom of Great Britain and Northern Ireland,Pre- and post-production,Energy Use (Coal),2008,TJ,6176.229471
United Kingdom of Great Britain and Northern Ireland,Pre- and post-production,Energy Use (Coal),2009,TJ,7248.275561
United Kingdom of Great Britain and Northern Ireland,Pre- and post-production,Energy Use (Coal),2010,TJ,6378.271368
United Kingdom of Great Britain and Northern Ireland,Pre- and post-production,Energy Use (Coal),2011,TJ,6348.860944
United Kingdom of Great Britain and Northern Ireland,Pre- and post-production,Energy Use (Coal),2012,TJ,6077.014813
United Kingdom of Great Britain and Northern Ireland,Pre- and post-production,Energy Use (Coal),2013,TJ,6715.915034
United Kingdom of Great Britain and Northern Ireland,Pre- and post-production,Energy Use (Coal),2014,TJ,7131.767772
United Kingdom of Great Britain and Northern Ireland,Pre- and post-production,Energy Use (Coal),2015,TJ,8003.145028
United Kingdom of Great Britain and Northern Ireland,Pre- and post-production,Energy Use (Coal),2016,TJ,7550.016506
United Kingdom of Great Britain and Northern Ireland,Pre- and post-production,Energy Use (Coal),2017,TJ,7640.710392
United Kingdom of Great Britain and Northern Ireland,Pre- and post-production,Energy Use (Coal),2018,TJ,7761.475825
United Kingdom of Great Britain and Northern Ireland,Pre- and post-production,Energy Use (Coal),2019,TJ,5857.649427
United Kingdom of Great Britain and Northern Ireland,Pre- and post-production,Energy Use (Coal),2020,TJ,5798.750843
United Kingdom of Great Britain and Northern Ireland,Pre- and post-production,Energy Use (Coal),2021,TJ,5227.620831
United Kingdom of Great Britain and Northern Ireland,Pre- and post-production,Energy Use (Coal),2022,TJ,4879.381778
United Kingdom of Great Britain and Northern Ireland,Pre- and post-production,Energy Use (Coal),2023,TJ,4638.28049
United Kingdom of Great Britain and Northern Ireland,Pre- and post-production,Energy Use (Electricity),1990,TJ,229021.887146
United Kingdom of Great Britain and Northern Ireland,Pre- and post-production,Energy Use (Electricity),1991,TJ,237038.696622
United Kingdom of Great Britain and Northern Ireland,Pre- and post-production,Energy Use (Electricity),1992,TJ,241201.746932
United Kingdom of Great Britain and Northern Ireland,Pre- and post-production,Energy Use (Electricity),1993,TJ,244155.27678
United Kingdom of Great Britain and Northern Ireland,Pre- and post-production,Energy Use (Electricity),1994,TJ,241298.28142
United Kingdom of Great Britain and Northern Ireland,Pre- and post-production,Energy Use (Electricity),1995,TJ,246814.205249
United Kingdom of Great Britain and Northern Ireland,Pre- and post-production,Energy Use (Electricity),1996,TJ,260516.305919
United Kingdom of Great Britain and Northern Ireland,Pre- and post-production,Energy Use (Electricity),1997,TJ,264553.429679
United Kingdom of Great Britain and Northern Ireland,Pre- and post-production,Energy Use (Electricity),1998,TJ,266397.159189
United Kingdom of Great Britain and Northern Ireland,Pre- and post-production,Energy Use (Electricity),1999,TJ,272901.602334
United Kingdom of Great Britain and Northern Ireland,Pre- and post-production,Energy Use (Electricity),2000,TJ,274086.049975
United Kingdom of Great Britain and Northern Ireland,Pre- and post-production,Energy Use (Electricity),2001,TJ,274629.065141
United Kingdom of Great Britain and Northern Ireland,Pre- and post-production,Energy Use (Electricity),2002,TJ,276812.227672
United Kingdom of Great Britain and Northern Ireland,Pre- and post-production,Energy Use (Electricity),2003,TJ,271141.755667
United Kingdom of Great Britain and Northern Ireland,Pre- and post-production,Energy Use (Electricity),2004,TJ,276226.68622
United Kingdom of Great Britain and Northern Ireland,Pre- and post-production,Energy Use (Electricity),2005,TJ,280547.208218
United Kingdom of Great Britain and Northern Ireland,Pre- and post-production,Energy Use (Electricity),2006,TJ,276568.550604
United Kingdom of Great Britain and Northern Ireland,Pre- and post-production,Energy Use (Electricity),2007,TJ,273574.709701
United Kingdom of Great Britain and Northern Ireland,Pre- and post-production,Energy Use (Electricity),2008,TJ,271284.906302
United Kingdom of Great Britain and Northern Ireland,Pre- and post-production,Energy Use (Electricity),2009,TJ,257187.630649
United Kingdom of Great Britain and Northern Ireland,Pre- and post-production,Energy Use (Electricity),2010,TJ,261407.915969
United Kingdom of Great Britain and Northern Ireland,Pre- and post-production,Energy Use (Electricity),2011,TJ,257169.532286
United Kingdom of Great Britain and Northern Ireland,Pre- and post-production,Energy Use (Electricity),2012,TJ,255761.16213
United Kingdom of Great Britain and Northern Ireland,Pre- and post-production,Energy Use (Electricity),2013,TJ,253551.454092
United Kingdom of Great Britain and Northern Ireland,Pre- and post-production,Energy Use (Electricity),2014,TJ,243708.943049
United Kingdom of Great Britain and Northern Ireland,Pre- and post-production,Energy Use (Electricity),2015,TJ,243244.999311
United Kingdom of Great Britain and Northern Ireland,Pre- and post-production,Energy Use (Electricity),2016,TJ,240947.119454
United Kingdom of Great Britain and Northern Ireland,Pre- and post-production,Energy Use (Electricity),2017,TJ,238563.926499
United Kingdom of Great Britain and Northern Ireland,Pre- and post-production,Energy Use (Electricity),2018,TJ,239415.765433
United Kingdom of Great Britain and Northern Ireland,Pre- and post-production,Energy Use (Electricity),2019,TJ,235453.745527
United Kingdom of Great Britain and Northern Ireland,Pre- and post-production,Energy Use (Electricity),2020,TJ,216876.876921
United Kingdom of Great Britain and Northern Ireland,Pre- and post-production,Energy Use (Electricity),2021,TJ,218703.675312
United Kingdom of Great Britain and Northern Ireland,Pre- and post-production,Energy Use (Electricity),2022,TJ,211619.537171
United Kingdom of Great Britain and Northern Ireland,Pre- and post-production,Energy Use (Electricity),2023,TJ,204495.368368
United Kingdom of Great Britain and Northern Ireland,Pre- and post-production,Energy Use (Heat),1999,TJ,18552.585
United Kingdom of Great Britain and Northern Ireland,Pre- and post-production,Energy Use (Heat),2000,TJ,18120.245
United Kingdom of Great Britain and Northern Ireland,Pre- and post-production,Energy Use (Heat),2001,TJ,17261.025
United Kingdom of Great Britain and Northern Ireland,Pre- and post-production,Energy Use (Heat),2002,TJ,10632.115
United Kingdom of Great Britain and Northern Ireland,Pre- and post-production,Energy Use (Heat),2003,TJ,9408.535
United Kingdom of Great Britain and Northern Ireland,Pre- and post-production,Energy Use (Heat),2004,TJ,5471.518408
United Kingdom of Great Britain and Northern Ireland,Pre- and post-production,Energy Use (Heat),2005,TJ,5590.79621
United Kingdom of Great Britain and Northern Ireland,Pre- and post-production,Energy Use (Heat),2006,TJ,5539.687273
United Kingdom of Great Britain and Northern Ireland,Pre- and post-production,Energy Use (Heat),2007,TJ,5569.451412
United Kingdom of Great Britain and Northern Ireland,Pre- and post-production,Energy Use (Heat),2008,TJ,5973.804829
United Kingdom of Great Britain and Northern Ireland,Pre- and post-production,Energy Use (Heat),2009,TJ,5525.64
United Kingdom of Great Britain and Northern Ireland,Pre- and post-production,Energy Use (Heat),2010,TJ,5563.968396
United Kingdom of Great Britain and Northern Ireland,Pre- and post-production,Energy Use (Heat),2011,TJ,5469.770275
United Kingdom of Great Britain and Northern Ireland,Pre- and post-production,Energy Use (Heat),2012,TJ,5693.478579
United Kingdom of Great Britain and Northern Ireland,Pre- and post-production,Energy Use (Heat),2013,TJ,5616.639554
United Kingdom of Great Britain and Northern Ireland,Pre- and post-production,Energy Use (Heat),2014,TJ,6629.432053
United Kingdom of Great Britain and Northern Ireland,Pre- and post-production,Energy Use (Heat),2015,TJ,4173.574879
United Kingdom of Great Britain and Northern Ireland,Pre- and post-production,Energy Use (Heat),2016,TJ,4379.179495
United Kingdom of Great Britain and Northern Ireland,Pre- and post-production,Energy Use (Heat),2017,TJ,4147.100649
United Kingdom of Great Britain and Northern Ireland,Pre- and post-production,Energy Use (Heat),2018,TJ,4503.389996
United Kingdom of Great Britain and Northern Ireland,Pre- and post-production,Energy Use (Heat),2019,TJ,4250.468274
United Kingdom of Great Britain and Northern Ireland,Pre- and post-production,Energy Use (Heat),2020,TJ,5124.932527
United Kingdom of Great Britain and Northern Ireland,Pre- and post-production,Energy Use (Heat),2021,TJ,5532.799075
United Kingdom of Great Britain and Northern Ireland,Pre- and post-production,Energy Use (Heat),2022,TJ,5711.515378
United Kingdom of Great Britain and Northern Ireland,Pre- and post-production,Energy Use (Heat),2023,TJ,5711.515378
United Kingdom of Great Britain and Northern Ireland,Energy Use (Pre- and Post-Production),Emissions (CO2),1990,kt,65412.919806
United Kingdom of Great Britain and Northern Ireland,Energy Use (Pre- and Post-Production),Emissions (CO2),1991,kt,66619.966233
United Kingdom of Great Britain and Northern Ireland,Energy Use (Pre- and Post-Production),Emissions (CO2),1992,kt,67184.673926
United Kingdom of Great Britain and Northern Ireland,Energy Use (Pre- and Post-Production),Emissions (CO2),1993,kt,64399.56289
United Kingdom of Great Britain and Northern Ireland,Energy Use (Pre- and Post-Production),Emissions (CO2),1994,kt,62247.976505
United Kingdom of Great Britain and Northern Ireland,Energy Use (Pre- and Post-Production),Emissions (CO2),1995,kt,60797.723793
United Kingdom of Great Britain and Northern Ireland,Energy Use (Pre- and Post-Production),Emissions (CO2),1996,kt,62364.881599
United Kingdom of Great Britain and Northern Ireland,Energy Use (Pre- and Post-Production),Emissions (CO2),1997,kt,59235.06914
United Kingdom of Great Britain and Northern Ireland,Energy Use (Pre- and Post-Production),Emissions (CO2),1998,kt,58091.073341
United Kingdom of Great Britain and Northern Ireland,Energy Use (Pre- and Post-Production),Emissions (CO2),1999,kt,57014.215667
United Kingdom of Great Britain and Northern Ireland,Energy Use (Pre- and Post-Production),Emissions (CO2),2000,kt,56796.36972
United Kingdom of Great Britain and Northern Ireland,Energy Use (Pre- and Post-Production),Emissions (CO2),2001,kt,58364.802641
United Kingdom of Great Britain and Northern Ireland,Energy Use (Pre- and Post-Production),Emissions (CO2),2002,kt,57618.099327
United Kingdom of Great Britain and Northern Ireland,Energy Use (Pre- and Post-Production),Emissions (CO2),2003,kt,57801.898288
United Kingdom of Great Britain and Northern Ireland,Energy Use (Pre- and Post-Production),Emissions (CO2),2004,kt,58707.9974
United Kingdom of Great Britain and Northern Ireland,Energy Use (Pre- and Post-Production),Emissions (CO2),2005,kt,58236.131235
United Kingdom of Great Britain and Northern Ireland,Energy Use (Pre- and Post-Production),Emissions (CO2),2006,kt,57901.493917
United Kingdom of Great Britain and Northern Ireland,Energy Use (Pre- and Post-Production),Emissions (CO2),2007,kt,56418.899747
United Kingdom of Great Britain and Northern Ireland,Energy Use (Pre- and Post-Production),Emissions (CO2),2008,kt,54805.387871
United Kingdom of Great Britain and Northern Ireland,Energy Use (Pre- and Post-Production),Emissions (CO2),2009,kt,49027.507342
United Kingdom of Great Britain and Northern Ireland,Energy Use (Pre- and Post-Production),Emissions (CO2),2010,kt,50888.855674
United Kingdom of Great Britain and Northern Ireland,Energy Use (Pre- and Post-Production),Emissions (CO2),2011,kt,48156.533512
United Kingdom of Great Britain and Northern Ireland,Energy Use (Pre- and Post-Production),Emissions (CO2),2012,kt,51019.701898
United Kingdom of Great Britain and Northern Ireland,Energy Use (Pre- and Post-Production),Emissions (CO2),2013,kt,49164.562446
United Kingdom of Great Britain and Northern Ireland,Energy Use (Pre- and Post-Production),Emissions (CO2),2014,kt,44756.241833
United Kingdom of Great Britain and Northern Ireland,Energy Use (Pre- and Post-Production),Emissions (CO2),2015,kt,41525.390781
United Kingdom of Great Britain and Northern Ireland,Energy Use (Pre- and Post-Production),Emissions (CO2),2016,kt,37425.349017
United Kingdom of Great Britain and Northern Ireland,Energy Use (Pre- and Post-Production),Emissions (CO2),2017,kt,35740.492473
United Kingdom of Great Britain and Northern Ireland,Energy Use (Pre- and Post-Production),Emissions (CO2),2018,kt,35554.530017
United Kingdom of Great Britain and Northern Ireland,Energy Use (Pre- and Post-Production),Emissions (CO2),2019,kt,34273.989411
United Kingdom of Great Britain and Northern Ireland,Energy Use (Pre- and Post-Production),Emissions (CO2),2020,kt,31660.385262
United Kingdom of Great Britain and Northern Ireland,Energy Use (Pre- and Post-Production),Emissions (CO2),2021,kt,33219.438505
United Kingdom of Great Britain and Northern Ireland,Energy Use (Pre- and Post-Production),Emissions (CO2),2022,kt,31591.280471
United Kingdom of Great Britain and Northern Ireland,Energy Use (Pre- and Post-Production),Emissions (CO2),2023,kt,31589.29469
United Kingdom of Great Britain and Northern Ireland,Energy Use (Pre- and Post-Production),Emissions (CH4),1990,kt,8.528764
United Kingdom of Great Britain and Northern Ireland,Energy Use (Pre- and Post-Production),Emissions (CH4),1991,kt,9.526685
United Kingdom of Great Britain and Northern Ireland,Energy Use (Pre- and Post-Production),Emissions (CH4),1992,kt,9.726215
United Kingdom of Great Britain and Northern Ireland,Energy Use (Pre- and Post-Production),Emissions (CH4),1993,kt,10.894542
United Kingdom of Great Britain and Northern Ireland,Energy Use (Pre- and Post-Production),Emissions (CH4),1994,kt,9.468099
United Kingdom of Great Britain and Northern Ireland,Energy Use (Pre- and Post-Production),Emissions (CH4),1995,kt,8.517042
United Kingdom of Great Britain and Northern Ireland,Energy Use (Pre- and Post-Production),Emissions (CH4),1996,kt,7.247754
United Kingdom of Great Britain and Northern Ireland,Energy Use (Pre- and Post-Production),Emissions (CH4),1997,kt,7.066673
United Kingdom of Great Britain and Northern Ireland,Energy Use (Pre- and Post-Production),Emissions (CH4),1998,kt,6.278727
United Kingdom of Great Britain and Northern Ireland,Energy Use (Pre- and Post-Production),Emissions (CH4),1999,kt,6.115863
United Kingdom of Great Britain and Northern Ireland,Energy Use (Pre- and Post-Production),Emissions (CH4),2000,kt,4.463229
United Kingdom of Great Britain and Northern Ireland,Energy Use (Pre- and Post-Production),Emissions (CH4),2001,kt,4.577821
United Kingdom of Great Britain and Northern Ireland,Energy Use (Pre- and Post-Production),Emissions (CH4),2002,kt,4.502944
United Kingdom of Great Britain and Northern Ireland,Energy Use (Pre- and Post-Production),Emissions (CH4),2003,kt,4.332321
United Kingdom of Great Britain and Northern Ireland,Energy Use (Pre- and Post-Production),Emissions (CH4),2004,kt,4.242673
United Kingdom of Great Britain and Northern Ireland,Energy Use (Pre- and Post-Production),Emissions (CH4),2005,kt,3.96048
United Kingdom of Great Britain and Northern Ireland,Energy Use (Pre- and Post-Production),Emissions (CH4),2006,kt,3.863026
United Kingdom of Great Britain and Northern Ireland,Energy Use (Pre- and Post-Production),Emissions (CH4),2007,kt,3.907487
United Kingdom of Great Britain and Northern Ireland,Energy Use (Pre- and Post-Production),Emissions (CH4),2008,kt,3.88384
United Kingdom of Great Britain and Northern Ireland,Energy Use (Pre- and Post-Production),Emissions (CH4),2009,kt,3.747813
United Kingdom of Great Britain and Northern Ireland,Energy Use (Pre- and Post-Production),Emissions (CH4),2010,kt,3.7781
United Kingdom of Great Britain and Northern Ireland,Energy Use (Pre- and Post-Production),Emissions (CH4),2011,kt,3.559572
United Kingdom of Great Britain and Northern Ireland,Energy Use (Pre- and Post-Production),Emissions (CH4),2012,kt,3.740902
United Kingdom of Great Britain and Northern Ireland,Energy Use (Pre- and Post-Production),Emissions (CH4),2013,kt,3.732292
United Kingdom of Great Britain and Northern Ireland,Energy Use (Pre- and Post-Production),Emissions (CH4),2014,kt,3.770037
United Kingdom of Great Britain and Northern Ireland,Energy Use (Pre- and Post-Production),Emissions (CH4),2015,kt,4.026136
United Kingdom of Great Britain and Northern Ireland,Energy Use (Pre- and Post-Production),Emissions (CH4),2016,kt,3.950072
United Kingdom of Great Britain and Northern Ireland,Energy Use (Pre- and Post-Production),Emissions (CH4),2017,kt,3.928031
United Kingdom of Great Britain and Northern Ireland,Energy Use (Pre- and Post-Production),Emissions (CH4),2018,kt,4.116765
United Kingdom of Great Britain and Northern Ireland,Energy Use (Pre- and Post-Production),Emissions (CH4),2019,kt,3.932046
United Kingdom of Great Britain and Northern Ireland,Energy Use (Pre- and Post-Production),Emissions (CH4),2020,kt,3.571709
United Kingdom of Great Britain and Northern Ireland,Energy Use (Pre- and Post-Production),Emissions (CH4),2021,kt,3.699616
United Kingdom of Great Britain and Northern Ireland,Energy Use (Pre- and Post-Production),Emissions (CH4),2022,kt,3.581988
United Kingdom of Great Britain and Northern Ireland,Energy Use (Pre- and Post-Production),Emissions (CH4),2023,kt,3.507604
United Kingdom of Great Britain and Northern Ireland,Energy Use (Pre- and Post-Production),Emissions (N2O),1990,kt,1.650585
United Kingdom of Great Britain and Northern Ireland,Energy Use (Pre- and Post-Production),Emissions (N2O),1991,kt,1.679035
United Kingdom of Great Britain and Northern Ireland,Energy Use (Pre- and Post-Production),Emissions (N2O),1992,kt,1.698486
United Kingdom of Great Britain and Northern Ireland,Energy Use (Pre- and Post-Production),Emissions (N2O),1993,kt,1.651996
United Kingdom of Great Britain and Northern Ireland,Energy Use (Pre- and Post-Production),Emissions (N2O),1994,kt,1.625584
United Kingdom of Great Britain and Northern Ireland,Energy Use (Pre- and Post-Production),Emissions (N2O),1995,kt,1.588076
United Kingdom of Great Britain and Northern Ireland,Energy Use (Pre- and Post-Production),Emissions (N2O),1996,kt,1.603383
United Kingdom of Great Britain and Northern Ireland,Energy Use (Pre- and Post-Production),Emissions (N2O),1997,kt,1.568932
United Kingdom of Great Britain and Northern Ireland,Energy Use (Pre- and Post-Production),Emissions (N2O),1998,kt,1.558519
United Kingdom of Great Britain and Northern Ireland,Energy Use (Pre- and Post-Production),Emissions (N2O),1999,kt,1.5943
United Kingdom of Great Britain and Northern Ireland,Energy Use (Pre- and Post-Production),Emissions (N2O),2000,kt,1.601938
United Kingdom of Great Britain and Northern Ireland,Energy Use (Pre- and Post-Production),Emissions (N2O),2001,kt,1.664856
United Kingdom of Great Britain and Northern Ireland,Energy Use (Pre- and Post-Production),Emissions (N2O),2002,kt,1.827008
United Kingdom of Great Britain and Northern Ireland,Energy Use (Pre- and Post-Production),Emissions (N2O),2003,kt,1.858065
United Kingdom of Great Britain and Northern Ireland,Energy Use (Pre- and Post-Production),Emissions (N2O),2004,kt,1.865026
United Kingdom of Great Britain and Northern Ireland,Energy Use (Pre- and Post-Production),Emissions (N2O),2005,kt,1.892146
United Kingdom of Great Britain and Northern Ireland,Energy Use (Pre- and Post-Production),Emissions (N2O),2006,kt,1.811455
United Kingdom of Great Britain and Northern Ireland,Energy Use (Pre- and Post-Production),Emissions (N2O),2007,kt,1.790324
United Kingdom of Great Britain and Northern Ireland,Energy Use (Pre- and Post-Production),Emissions (N2O),2008,kt,1.764987
United Kingdom of Great Britain and Northern Ireland,Energy Use (Pre- and Post-Production),Emissions (N2O),2009,kt,1.727824
United Kingdom of Great Britain and Northern Ireland,Energy Use (Pre- and Post-Production),Emissions (N2O),2010,kt,1.720825
United Kingdom of Great Britain and Northern Ireland,Energy Use (Pre- and Post-Production),Emissions (N2O),2011,kt,1.761773
United Kingdom of Great Britain and Northern Ireland,Energy Use (Pre- and Post-Production),Emissions (N2O),2012,kt,1.863236
United Kingdom of Great Britain and Northern Ireland,Energy Use (Pre- and Post-Production),Emissions (N2O),2013,kt,1.83435
United Kingdom of Great Britain and Northern Ireland,Energy Use (Pre- and Post-Production),Emissions (N2O),2014,kt,1.810892
United Kingdom of Great Britain and Northern Ireland,Energy Use (Pre- and Post-Production),Emissions (N2O),2015,kt,1.784509
United Kingdom of Great Britain and Northern Ireland,Energy Use (Pre- and Post-Production),Emissions (N2O),2016,kt,1.753865
United Kingdom of Great Britain and Northern Ireland,Energy Use (Pre- and Post-Production),Emissions (N2O),2017,kt,1.766093
United Kingdom of Great Britain and Northern Ireland,Energy Use (Pre- and Post-Production),Emissions (N2O),2018,kt,1.775436
United Kingdom of Great Britain and Northern Ireland,Energy Use (Pre- and Post-Production),Emissions (N2O),2019,kt,1.790103
United Kingdom of Great Britain and Northern Ireland,Energy Use (Pre- and Post-Production),Emissions (N2O),2020,kt,1.688192
United Kingdom of Great Britain and Northern Ireland,Energy Use (Pre- and Post-Production),Emissions (N2O),2021,kt,1.785417
United Kingdom of Great Britain and Northern Ireland,Energy Use (Pre- and Post-Production),Emissions (N2O),2022,kt,1.809651
United Kingdom of Great Britain and Northern Ireland,Energy Use (Pre- and Post-Production),Emissions (N2O),2023,kt,1.803903
United Kingdom of Great Britain and Northern Ireland,Energy Use (Pre- and Post-Production),Emissions (CO2eq) (AR5),1990,kt,69804.782316
United Kingdom of Great Britain and Northern Ireland,Energy Use (Pre- and Post-Production),Emissions (CO2eq) (AR5),1991,kt,70936.653881
United Kingdom of Great Britain and Northern Ireland,Energy Use (Pre- and Post-Production),Emissions (CO2eq) (AR5),1992,kt,71522.362696
United Kingdom of Great Britain and Northern Ireland,Energy Use (Pre- and Post-Production),Emissions (CO2eq) (AR5),1993,kt,65263.058679
United Kingdom of Great Britain and Northern Ireland,Energy Use (Pre- and Post-Production),Emissions (CO2eq) (AR5),1994,kt,62970.030677
United Kingdom of Great Britain and Northern Ireland,Energy Use (Pre- and Post-Production),Emissions (CO2eq) (AR5),1995,kt,61505.156372
United Kingdom of Great Britain and Northern Ireland,Energy Use (Pre- and Post-Production),Emissions (CO2eq) (AR5),1996,kt,63187.397447
United Kingdom of Great Britain and Northern Ireland,Energy Use (Pre- and Post-Production),Emissions (CO2eq) (AR5),1997,kt,60261.220422
United Kingdom of Great Britain and Northern Ireland,Energy Use (Pre- and Post-Production),Emissions (CO2eq) (AR5),1998,kt,59399.444891
United Kingdom of Great Britain and Northern Ireland,Energy Use (Pre- and Post-Production),Emissions (CO2eq) (AR5),1999,kt,58700.864644
United Kingdom of Great Britain and Northern Ireland,Energy Use (Pre- and Post-Production),Emissions (CO2eq) (AR5),2000,kt,58814.639214
United Kingdom of Great Britain and Northern Ireland,Energy Use (Pre- and Post-Production),Emissions (CO2eq) (AR5),2001,kt,60762.222016
United Kingdom of Great Britain and Northern Ireland,Energy Use (Pre- and Post-Production),Emissions (CO2eq) (AR5),2002,kt,60378.565165
United Kingdom of Great Britain and Northern Ireland,Energy Use (Pre- and Post-Production),Emissions (CO2eq) (AR5),2003,kt,60917.235371
United Kingdom of Great Britain and Northern Ireland,Energy Use (Pre- and Post-Production),Emissions (CO2eq) (AR5),2004,kt,62189.675697
United Kingdom of Great Britain and Northern Ireland,Energy Use (Pre- and Post-Production),Emissions (CO2eq) (AR5),2005,kt,62113.489928
United Kingdom of Great Britain and Northern Ireland,Energy Use (Pre- and Post-Production),Emissions (CO2eq) (AR5),2006,kt,62182.744322
United Kingdom of Great Britain and Northern Ireland,Energy Use (Pre- and Post-Production),Emissions (CO2eq) (AR5),2007,kt,61121.503884
United Kingdom of Great Britain and Northern Ireland,Energy Use (Pre- and Post-Production),Emissions (CO2eq) (AR5),2008,kt,59862.941251
United Kingdom of Great Britain and Northern Ireland,Energy Use (Pre- and Post-Production),Emissions (CO2eq) (AR5),2009,kt,54402.662187
United Kingdom of Great Britain and Northern Ireland,Energy Use (Pre- and Post-Production),Emissions (CO2eq) (AR5),2010,kt,56608.530854
United Kingdom of Great Britain and Northern Ireland,Energy Use (Pre- and Post-Production),Emissions (CO2eq) (AR5),2011,kt,54203.677415
United Kingdom of Great Britain and Northern Ireland,Energy Use (Pre- and Post-Production),Emissions (CO2eq) (AR5),2012,kt,57370.401688
United Kingdom of Great Britain and Northern Ireland,Energy Use (Pre- and Post-Production),Emissions (CO2eq) (AR5),2013,kt,55650.070415
United Kingdom of Great Britain and Northern Ireland,Energy Use (Pre- and Post-Production),Emissions (CO2eq) (AR5),2014,kt,51233.079894
United Kingdom of Great Britain and Northern Ireland,Energy Use (Pre- and Post-Production),Emissions (CO2eq) (AR5),2015,kt,47872.210273
United Kingdom of Great Britain and Northern Ireland,Energy Use (Pre- and Post-Production),Emissions (CO2eq) (AR5),2016,kt,43620.384431
United Kingdom of Great Britain and Northern Ireland,Energy Use (Pre- and Post-Production),Emissions (CO2eq) (AR5),2017,kt,41755.69755
United Kingdom of Great Britain and Northern Ireland,Energy Use (Pre- and Post-Production),Emissions (CO2eq) (AR5),2018,kt,41285.730774
United Kingdom of Great Britain and Northern Ireland,Energy Use (Pre- and Post-Production),Emissions (CO2eq) (AR5),2019,kt,39652.245248
United Kingdom of Great Britain and Northern Ireland,Energy Use (Pre- and Post-Production),Emissions (CO2eq) (AR5),2020,kt,36726.180953
United Kingdom of Great Britain and Northern Ireland,Energy Use (Pre- and Post-Production),Emissions (CO2eq) (AR5),2021,kt,38065.537406
United Kingdom of Great Britain and Northern Ireland,Energy Use (Pre- and Post-Production),Emissions (CO2eq) (AR5),2022,kt,36440.507842
United Kingdom of Great Britain and Northern Ireland,Energy Use (Pre- and Post-Production),Emissions (CO2eq) (AR5),2023,kt,36434.915958
United Kingdom of Great Britain and Northern Ireland,Energy Use (Pre- and Post-Production),"Energy Use (Natural Gas, including LNG)",1990,TJ,239498.507666
United Kingdom of Great Britain and Northern Ireland,Energy Use (Pre- and Post-Production),"Energy Use (Natural Gas, including LNG)",1991,TJ,247295.966547
United Kingdom of Great Britain and Northern Ireland,Energy Use (Pre- and Post-Production),"Energy Use (Natural Gas, including LNG)",1992,TJ,261254.868698
United Kingdom of Great Britain and Northern Ireland,Energy Use (Pre- and Post-Production),"Energy Use (Natural Gas, including LNG)",1993,TJ,249714.843855
United Kingdom of Great Britain and Northern Ireland,Energy Use (Pre- and Post-Production),"Energy Use (Natural Gas, including LNG)",1994,TJ,304540.555599
United Kingdom of Great Britain and Northern Ireland,Energy Use (Pre- and Post-Production),"Energy Use (Natural Gas, including LNG)",1995,TJ,320474.930183
United Kingdom of Great Britain and Northern Ireland,Energy Use (Pre- and Post-Production),"Energy Use (Natural Gas, including LNG)",1996,TJ,360195.960193
United Kingdom of Great Britain and Northern Ireland,Energy Use (Pre- and Post-Production),"Energy Use (Natural Gas, including LNG)",1997,TJ,346977.309217
United Kingdom of Great Britain and Northern Ireland,Energy Use (Pre- and Post-Production),"Energy Use (Natural Gas, including LNG)",1998,TJ,355690.603522
United Kingdom of Great Britain and Northern Ireland,Energy Use (Pre- and Post-Production),"Energy Use (Natural Gas, including LNG)",1999,TJ,343351.219273
United Kingdom of Great Britain and Northern Ireland,Energy Use (Pre- and Post-Production),"Energy Use (Natural Gas, including LNG)",2000,TJ,348543.653248
United Kingdom of Great Britain and Northern Ireland,Energy Use (Pre- and Post-Production),"Energy Use (Natural Gas, including LNG)",2001,TJ,362706.920536
United Kingdom of Great Britain and Northern Ireland,Energy Use (Pre- and Post-Production),"Energy Use (Natural Gas, including LNG)",2002,TJ,352604.906075
United Kingdom of Great Britain and Northern Ireland,Energy Use (Pre- and Post-Production),"Energy Use (Natural Gas, including LNG)",2003,TJ,361567.872575
United Kingdom of Great Britain and Northern Ireland,Energy Use (Pre- and Post-Production),"Energy Use (Natural Gas, including LNG)",2004,TJ,367794.035302
United Kingdom of Great Britain and Northern Ireland,Energy Use (Pre- and Post-Production),"Energy Use (Natural Gas, including LNG)",2005,TJ,354257.398767
United Kingdom of Great Britain and Northern Ireland,Energy Use (Pre- and Post-Production),"Energy Use (Natural Gas, including LNG)",2006,TJ,334919.856369
United Kingdom of Great Britain and Northern Ireland,Energy Use (Pre- and Post-Production),"Energy Use (Natural Gas, including LNG)",2007,TJ,321268.772639
United Kingdom of Great Britain and Northern Ireland,Energy Use (Pre- and Post-Production),"Energy Use (Natural Gas, including LNG)",2008,TJ,338902.214805
United Kingdom of Great Britain and Northern Ireland,Energy Use (Pre- and Post-Production),"Energy Use (Natural Gas, including LNG)",2009,TJ,308648.44952
United Kingdom of Great Britain and Northern Ireland,Energy Use (Pre- and Post-Production),"Energy Use (Natural Gas, including LNG)",2010,TJ,340179.49488
United Kingdom of Great Britain and Northern Ireland,Energy Use (Pre- and Post-Production),"Energy Use (Natural Gas, including LNG)",2011,TJ,290983.944091
United Kingdom of Great Britain and Northern Ireland,Energy Use (Pre- and Post-Production),"Energy Use (Natural Gas, including LNG)",2012,TJ,317209.716209
United Kingdom of Great Britain and Northern Ireland,Energy Use (Pre- and Post-Production),"Energy Use (Natural Gas, including LNG)",2013,TJ,322222.110033
United Kingdom of Great Britain and Northern Ireland,Energy Use (Pre- and Post-Production),"Energy Use (Natural Gas, including LNG)",2014,TJ,280299.362352
United Kingdom of Great Britain and Northern Ireland,Energy Use (Pre- and Post-Production),"Energy Use (Natural Gas, including LNG)",2015,TJ,283039.91416
United Kingdom of Great Britain and Northern Ireland,Energy Use (Pre- and Post-Production),"Energy Use (Natural Gas, including LNG)",2016,TJ,241303.621955
United Kingdom of Great Britain and Northern Ireland,Energy Use (Pre- and Post-Production),"Energy Use (Natural Gas, including LNG)",2017,TJ,240499.314533
United Kingdom of Great Britain and Northern Ireland,Energy Use (Pre- and Post-Production),"Energy Use (Natural Gas, including LNG)",2018,TJ,249564.115672
United Kingdom of Great Britain and Northern Ireland,Energy Use (Pre- and Post-Production),"Energy Use (Natural Gas, including LNG)",2019,TJ,244277.055634
United Kingdom of Great Britain and Northern Ireland,Energy Use (Pre- and Post-Production),"Energy Use (Natural Gas, including LNG)",2020,TJ,238958.115476
United Kingdom of Great Britain and Northern Ireland,Energy Use (Pre- and Post-Production),"Energy Use (Natural Gas, including LNG)",2021,TJ,252253.388215
United Kingdom of Great Britain and Northern Ireland,Energy Use (Pre- and Post-Production),"Energy Use (Natural Gas, including LNG)",2022,TJ,223460.627592
United Kingdom of Great Britain and Northern Ireland,Energy Use (Pre- and Post-Production),"Energy Use (Natural Gas, including LNG)",2023,TJ,254664.927592
United Kingdom of Great Britain and Northern Ireland,Energy Use (Pre- and Post-Production),Energy Use (Coal),1990,TJ,59432.485041
United Kingdom of Great Britain and Northern Ireland,Energy Use (Pre- and Post-Production),Energy Use (Coal),1991,TJ,66429.917457
United Kingdom of Great Britain and Northern Ireland,Energy Use (Pre- and Post-Production),Energy Use (Coal),1992,TJ,66717.762168
United Kingdom of Great Britain and Northern Ireland,Energy Use (Pre- and Post-Production),Energy Use (Coal),1993,TJ,71779.56773
United Kingdom of Great Britain and Northern Ireland,Energy Use (Pre- and Post-Production),Energy Use (Coal),1994,TJ,58374.971331
United Kingdom of Great Britain and Northern Ireland,Energy Use (Pre- and Post-Production),Energy Use (Coal),1995,TJ,49344.55683
United Kingdom of Great Britain and Northern Ireland,Energy Use (Pre- and Post-Production),Energy Use (Coal),1996,TJ,35455.385493
United Kingdom of Great Britain and Northern Ireland,Energy Use (Pre- and Post-Production),Energy Use (Coal),1997,TJ,35007.318318
United Kingdom of Great Britain and Northern Ireland,Energy Use (Pre- and Post-Production),Energy Use (Coal),1998,TJ,27999.43713
United Kingdom of Great Britain and Northern Ireland,Energy Use (Pre- and Post-Production),Energy Use (Coal),1999,TJ,23980.662373
United Kingdom of Great Britain and Northern Ireland,Energy Use (Pre- and Post-Production),Energy Use (Coal),2000,TJ,7697.264034
United Kingdom of Great Britain and Northern Ireland,Energy Use (Pre- and Post-Production),Energy Use (Coal),2001,TJ,8714.853507
United Kingdom of Great Britain and Northern Ireland,Energy Use (Pre- and Post-Production),Energy Use (Coal),2002,TJ,6825.087226
United Kingdom of Great Britain and Northern Ireland,Energy Use (Pre- and Post-Production),Energy Use (Coal),2003,TJ,6515.577962
United Kingdom of Great Britain and Northern Ireland,Energy Use (Pre- and Post-Production),Energy Use (Coal),2004,TJ,5769.16585
United Kingdom of Great Britain and Northern Ireland,Energy Use (Pre- and Post-Production),Energy Use (Coal),2005,TJ,4918.231545
United Kingdom of Great Britain and Northern Ireland,Energy Use (Pre- and Post-Production),Energy Use (Coal),2006,TJ,4793.379109
United Kingdom of Great Britain and Northern Ireland,Energy Use (Pre- and Post-Production),Energy Use (Coal),2007,TJ,5601.893664
United Kingdom of Great Britain and Northern Ireland,Energy Use (Pre- and Post-Production),Energy Use (Coal),2008,TJ,6176.229471
United Kingdom of Great Britain and Northern Ireland,Energy Use (Pre- and Post-Production),Energy Use (Coal),2009,TJ,7248.275561
United Kingdom of Great Britain and Northern Ireland,Energy Use (Pre- and Post-Production),Energy Use (Coal),2010,TJ,6378.271368
United Kingdom of Great Britain and Northern Ireland,Energy Use (Pre- and Post-Production),Energy Use (Coal),2011,TJ,6348.860944
United Kingdom of Great Britain and Northern Ireland,Energy Use (Pre- and Post-Production),Energy Use (Coal),2012,TJ,6077.014813
United Kingdom of Great Britain and Northern Ireland,Energy Use (Pre- and Post-Production),Energy Use (Coal),2013,TJ,6715.915034
United Kingdom of Great Britain and Northern Ireland,Energy Use (Pre- and Post-Production),Energy Use (Coal),2014,TJ,7131.767772
United Kingdom of Great Britain and Northern Ireland,Energy Use (Pre- and Post-Production),Energy Use (Coal),2015,TJ,8003.145028
United Kingdom of Great Britain and Northern Ireland,Energy Use (Pre- and Post-Production),Energy Use (Coal),2016,TJ,7550.016506
United Kingdom of Great Britain and Northern Ireland,Energy Use (Pre- and Post-Production),Energy Use (Coal),2017,TJ,7640.710392
United Kingdom of Great Britain and Northern Ireland,Energy Use (Pre- and Post-Production),Energy Use (Coal),2018,TJ,7761.475825
United Kingdom of Great Britain and Northern Ireland,Energy Use (Pre- and Post-Production),Energy Use (Coal),2019,TJ,5857.649427
United Kingdom of Great Britain and Northern Ireland,Energy Use (Pre- and Post-Production),Energy Use (Coal),2020,TJ,5798.750843
United Kingdom of Great Britain and Northern Ireland,Energy Use (Pre- and Post-Production),Energy Use (Coal),2021,TJ,5227.620831
United Kingdom of Great Britain and Northern Ireland,Energy Use (Pre- and Post-Production),Energy Use (Coal),2022,TJ,4879.381778
United Kingdom of Great Britain and Northern Ireland,Energy Use (Pre- and Post-Production),Energy Use (Coal),2023,TJ,4638.28049
United Kingdom of Great Britain and Northern Ireland,Energy Use (Pre- and Post-Production),Energy Use (Electricity),1990,TJ,229021.887146
United Kingdom of Great Britain and Northern Ireland,Energy Use (Pre- and Post-Production),Energy Use (Electricity),1991,TJ,237038.696622
United Kingdom of Great Britain and Northern Ireland,Energy Use (Pre- and Post-Production),Energy Use (Electricity),1992,TJ,241201.746932
United Kingdom of Great Britain and Northern Ireland,Energy Use (Pre- and Post-Production),Energy Use (Electricity),1993,TJ,244155.27678
United Kingdom of Great Britain and Northern Ireland,Energy Use (Pre- and Post-Production),Energy Use (Electricity),1994,TJ,241298.28142
United Kingdom of Great Britain and Northern Ireland,Energy Use (Pre- and Post-Production),Energy Use (Electricity),1995,TJ,246814.205249
United Kingdom of Great Britain and Northern Ireland,Energy Use (Pre- and Post-Production),Energy Use (Electricity),1996,TJ,260516.305919
United Kingdom of Great Britain and Northern Ireland,Energy Use (Pre- and Post-Production),Energy Use (Electricity),1997,TJ,264553.429679
United Kingdom of Great Britain and Northern Ireland,Energy Use (Pre- and Post-Production),Energy Use (Electricity),1998,TJ,266397.159189
United Kingdom of Great Britain and Northern Ireland,Energy Use (Pre- and Post-Production),Energy Use (Electricity),1999,TJ,272901.602334
United Kingdom of Great Britain and Northern Ireland,Energy Use (Pre- and Post-Production),Energy Use (Electricity),2000,TJ,274086.049975
United Kingdom of Great Britain and Northern Ireland,Energy Use (Pre- and Post-Production),Energy Use (Electricity),2001,TJ,274629.065141
United Kingdom of Great Britain and Northern Ireland,Energy Use (Pre- and Post-Production),Energy Use (Electricity),2002,TJ,276812.227672
United Kingdom of Great Britain and Northern Ireland,Energy Use (Pre- and Post-Production),Energy Use (Electricity),2003,TJ,271141.755667
United Kingdom of Great Britain and Northern Ireland,Energy Use (Pre- and Post-Production),Energy Use (Electricity),2004,TJ,276226.68622
United Kingdom of Great Britain and Northern Ireland,Energy Use (Pre- and Post-Production),Energy Use (Electricity),2005,TJ,280547.208218
United Kingdom of Great Britain and Northern Ireland,Energy Use (Pre- and Post-Production),Energy Use (Electricity),2006,TJ,276568.550604
United Kingdom of Great Britain and Northern Ireland,Energy Use (Pre- and Post-Production),Energy Use (Electricity),2007,TJ,273574.709701
United Kingdom of Great Britain and Northern Ireland,Energy Use (Pre- and Post-Production),Energy Use (Electricity),2008,TJ,271284.906302
United Kingdom of Great Britain and Northern Ireland,Energy Use (Pre- and Post-Production),Energy Use (Electricity),2009,TJ,257187.630649
United Kingdom of Great Britain and Northern Ireland,Energy Use (Pre- and Post-Production),Energy Use (Electricity),2010,TJ,261407.915969
United Kingdom of Great Britain and Northern Ireland,Energy Use (Pre- and Post-Production),Energy Use (Electricity),2011,TJ,257169.532286
United Kingdom of Great Britain and Northern Ireland,Energy Use (Pre- and Post-Production),Energy Use (Electricity),2012,TJ,255761.16213
United Kingdom of Great Britain and Northern Ireland,Energy Use (Pre- and Post-Production),Energy Use (Electricity),2013,TJ,253551.454092
United Kingdom of Great Britain and Northern Ireland,Energy Use (Pre- and Post-Production),Energy Use (Electricity),2014,TJ,243708.943049
United Kingdom of Great Britain and Northern Ireland,Energy Use (Pre- and Post-Production),Energy Use (Electricity),2015,TJ,243244.999311
United Kingdom of Great Britain and Northern Ireland,Energy Use (Pre- and Post-Production),Energy Use (Electricity),2016,TJ,240947.119454
United Kingdom of Great Britain and Northern Ireland,Energy Use (Pre- and Post-Production),Energy Use (Electricity),2017,TJ,238563.926499
United Kingdom of Great Britain and Northern Ireland,Energy Use (Pre- and Post-Production),Energy Use (Electricity),2018,TJ,239415.765433
United Kingdom of Great Britain and Northern Ireland,Energy Use (Pre- and Post-Production),Energy Use (Electricity),2019,TJ,235453.745527
United Kingdom of Great Britain and Northern Ireland,Energy Use (Pre- and Post-Production),Energy Use (Electricity),2020,TJ,216876.876921
United Kingdom of Great Britain and Northern Ireland,Energy Use (Pre- and Post-Production),Energy Use (Electricity),2021,TJ,218703.675312
United Kingdom of Great Britain and Northern Ireland,Energy Use (Pre- and Post-Production),Energy Use (Electricity),2022,TJ,211619.537171
United Kingdom of Great Britain and Northern Ireland,Energy Use (Pre- and Post-Production),Energy Use (Electricity),2023,TJ,204495.368368
United Kingdom of Great Britain and Northern Ireland,Energy Use (Pre- and Post-Production),Energy Use (Heat),1999,TJ,18552.585
United Kingdom of Great Britain and Northern Ireland,Energy Use (Pre- and Post-Production),Energy Use (Heat),2000,TJ,18120.245
United Kingdom of Great Britain and Northern Ireland,Energy Use (Pre- and Post-Production),Energy Use (Heat),2001,TJ,17261.025
United Kingdom of Great Britain and Northern Ireland,Energy Use (Pre- and Post-Production),Energy Use (Heat),2002,TJ,10632.115
United Kingdom of Great Britain and Northern Ireland,Energy Use (Pre- and Post-Production),Energy Use (Heat),2003,TJ,9408.535
United Kingdom of Great Britain and Northern Ireland,Energy Use (Pre- and Post-Production),Energy Use (Heat),2004,TJ,5471.518408
United Kingdom of Great Britain and Northern Ireland,Energy Use (Pre- and Post-Production),Energy Use (Heat),2005,TJ,5590.79621
United Kingdom of Great Britain and Northern Ireland,Energy Use (Pre- and Post-Production),Energy Use (Heat),2006,TJ,5539.687273
United Kingdom of Great Britain and Northern Ireland,Energy Use (Pre- and Post-Production),Energy Use (Heat),2007,TJ,5569.451412
United Kingdom of Great Britain and Northern Ireland,Energy Use (Pre- and Post-Production),Energy Use (Heat),2008,TJ,5973.804829
United Kingdom of Great Britain and Northern Ireland,Energy Use (Pre- and Post-Production),Energy Use (Heat),2009,TJ,5525.64
United Kingdom of Great Britain and Northern Ireland,Energy Use (Pre- and Post-Production),Energy Use (Heat),2010,TJ,5563.968396
United Kingdom of Great Britain and Northern Ireland,Energy Use (Pre- and Post-Production),Energy Use (Heat),2011,TJ,5469.770275
United Kingdom of Great Britain and Northern Ireland,Energy Use (Pre- and Post-Production),Energy Use (Heat),2012,TJ,5693.478579
United Kingdom of Great Britain and Northern Ireland,Energy Use (Pre- and Post-Production),Energy Use (Heat),2013,TJ,5616.639554
United Kingdom of Great Britain and Northern Ireland,Energy Use (Pre- and Post-Production),Energy Use (Heat),2014,TJ,6629.432053
United Kingdom of Great Britain and Northern Ireland,Energy Use (Pre- and Post-Production),Energy Use (Heat),2015,TJ,4173.574879
United Kingdom of Great Britain and Northern Ireland,Energy Use (Pre- and Post-Production),Energy Use (Heat),2016,TJ,4379.179495
United Kingdom of Great Britain and Northern Ireland,Energy Use (Pre- and Post-Production),Energy Use (Heat),2017,TJ,4147.100649
United Kingdom of Great Britain and Northern Ireland,Energy Use (Pre- and Post-Production),Energy Use (Heat),2018,TJ,4503.389996
United Kingdom of Great Britain and Northern Ireland,Energy Use (Pre- and Post-Production),Energy Use (Heat),2019,TJ,4250.468274
United Kingdom of Great Britain and Northern Ireland,Energy Use (Pre- and Post-Production),Energy Use (Heat),2020,TJ,5124.932527
United Kingdom of Great Britain and Northern Ireland,Energy Use (Pre- and Post-Production),Energy Use (Heat),2021,TJ,5532.799075
United Kingdom of Great Britain and Northern Ireland,Energy Use (Pre- and Post-Production),Energy Use (Heat),2022,TJ,5711.515378
United Kingdom of Great Britain and Northern Ireland,Energy Use (Pre- and Post-Production),Energy Use (Heat),2023,TJ,5711.515378
United Kingdom of Great Britain and Northern Ireland,Agrifood Systems Waste Disposal,Emissions (CO2),1990,kt,901.940772
United Kingdom of Great Britain and Northern Ireland,Agrifood Systems Waste Disposal,Emissions (CO2),1991,kt,903.38536
United Kingdom of Great Britain and Northern Ireland,Agrifood Systems Waste Disposal,Emissions (CO2),1992,kt,904.418324
United Kingdom of Great Britain and Northern Ireland,Agrifood Systems Waste Disposal,Emissions (CO2),1993,kt,900.98082
United Kingdom of Great Britain and Northern Ireland,Agrifood Systems Waste Disposal,Emissions (CO2),1994,kt,903.319597
United Kingdom of Great Britain and Northern Ireland,Agrifood Systems Waste Disposal,Emissions (CO2),1995,kt,908.667811
United Kingdom of Great Britain and Northern Ireland,Agrifood Systems Waste Disposal,Emissions (CO2),1996,kt,910.443656
United Kingdom of Great Britain and Northern Ireland,Agrifood Systems Waste Disposal,Emissions (CO2),1997,kt,913.530246
United Kingdom of Great Britain and Northern Ireland,Agrifood Systems Waste Disposal,Emissions (CO2),1998,kt,915.40902
United Kingdom of Great Britain and Northern Ireland,Agrifood Systems Waste Disposal,Emissions (CO2),1999,kt,916.073818
United Kingdom of Great Britain and Northern Ireland,Agrifood Systems Waste Disposal,Emissions (CO2),2000,kt,915.641148
United Kingdom of Great Britain and Northern Ireland,Agrifood Systems Waste Disposal,Emissions (CO2),2001,kt,915.332832
United Kingdom of Great Britain and Northern Ireland,Agrifood Systems Waste Disposal,Emissions (CO2),2002,kt,917.908386
United Kingdom of Great Britain and Northern Ireland,Agrifood Systems Waste Disposal,Emissions (CO2),2003,kt,922.469082
United Kingdom of Great Britain and Northern Ireland,Agrifood Systems Waste Disposal,Emissions (CO2),2004,kt,927.818319
United Kingdom of Great Britain and Northern Ireland,Agrifood Systems Waste Disposal,Emissions (CO2),2005,kt,929.41323
United Kingdom of Great Britain and Northern Ireland,Agrifood Systems Waste Disposal,Emissions (CO2),2006,kt,931.461725
United Kingdom of Great Britain and Northern Ireland,Agrifood Systems Waste Disposal,Emissions (CO2),2007,kt,935.755455
United Kingdom of Great Britain and Northern Ireland,Agrifood Systems Waste Disposal,Emissions (CO2),2008,kt,934.013578
United Kingdom of Great Britain and Northern Ireland,Agrifood Systems Waste Disposal,Emissions (CO2),2009,kt,927.70141
United Kingdom of Great Britain and Northern Ireland,Agrifood Systems Waste Disposal,Emissions (CO2),2010,kt,928.666547
United Kingdom of Great Britain and Northern Ireland,Agrifood Systems Waste Disposal,Emissions (CO2),2011,kt,930.921033
United Kingdom of Great Britain and Northern Ireland,Agrifood Systems Waste Disposal,Emissions (CO2),2012,kt,931.445481
United Kingdom of Great Britain and Northern Ireland,Agrifood Systems Waste Disposal,Emissions (CO2),2013,kt,932.366977
United Kingdom of Great Britain and Northern Ireland,Agrifood Systems Waste Disposal,Emissions (CO2),2014,kt,935.482667
United Kingdom of Great Britain and Northern Ireland,Agrifood Systems Waste Disposal,Emissions (CO2),2015,kt,933.996906
United Kingdom of Great Britain and Northern Ireland,Agrifood Systems Waste Disposal,Emissions (CO2),2016,kt,931.228614
United Kingdom of Great Britain and Northern Ireland,Agrifood Systems Waste Disposal,Emissions (CO2),2017,kt,931.120038
United Kingdom of Great Britain and Northern Ireland,Agrifood Systems Waste Disposal,Emissions (CO2),2018,kt,933.362091
United Kingdom of Great Britain and Northern Ireland,Agrifood Systems Waste Disposal,Emissions (CO2),2019,kt,933.135425
United Kingdom of Great Britain and Northern Ireland,Agrifood Systems Waste Disposal,Emissions (CO2),2020,kt,931.321309
United Kingdom of Great Britain and Northern Ireland,Agrifood Systems Waste Disposal,Emissions (CO2),2021,kt,936.30678
United Kingdom of Great Britain and Northern Ireland,Agrifood Systems Waste Disposal,Emissions (CO2),2022,kt,936.002268
United Kingdom of Great Britain and Northern Ireland,Agrifood Systems Waste Disposal,Emissions (CO2),2023,kt,938.677065
United Kingdom of Great Britain and Northern Ireland,Agrifood Systems Waste Disposal,Emissions (CH4),1990,kt,226.5807
United Kingdom of Great Britain and Northern Ireland,Agrifood Systems Waste Disposal,Emissions (CH4),1991,kt,229.530784
United Kingdom of Great Britain and Northern Ireland,Agrifood Systems Waste Disposal,Emissions (CH4),1992,kt,231.788255
United Kingdom of Great Britain and Northern Ireland,Agrifood Systems Waste Disposal,Emissions (CH4),1993,kt,233.091799
United Kingdom of Great Britain and Northern Ireland,Agrifood Systems Waste Disposal,Emissions (CH4),1994,kt,234.919422
United Kingdom of Great Britain and Northern Ireland,Agrifood Systems Waste Disposal,Emissions (CH4),1995,kt,239.488003
United Kingdom of Great Britain and Northern Ireland,Agrifood Systems Waste Disposal,Emissions (CH4),1996,kt,235.7857
United Kingdom of Great Britain and Northern Ireland,Agrifood Systems Waste Disposal,Emissions (CH4),1997,kt,239.622448
United Kingdom of Great Britain and Northern Ireland,Agrifood Systems Waste Disposal,Emissions (CH4),1998,kt,404.706853
United Kingdom of Great Britain and Northern Ireland,Agrifood Systems Waste Disposal,Emissions (CH4),1999,kt,230.869311
United Kingdom of Great Britain and Northern Ireland,Agrifood Systems Waste Disposal,Emissions (CH4),2000,kt,225.562679
United Kingdom of Great Britain and Northern Ireland,Agrifood Systems Waste Disposal,Emissions (CH4),2001,kt,217.938182
United Kingdom of Great Britain and Northern Ireland,Agrifood Systems Waste Disposal,Emissions (CH4),2002,kt,234.646268
United Kingdom of Great Britain and Northern Ireland,Agrifood Systems Waste Disposal,Emissions (CH4),2003,kt,230.382154
United Kingdom of Great Britain and Northern Ireland,Agrifood Systems Waste Disposal,Emissions (CH4),2004,kt,227.30193
United Kingdom of Great Britain and Northern Ireland,Agrifood Systems Waste Disposal,Emissions (CH4),2005,kt,568.524283
United Kingdom of Great Britain and Northern Ireland,Agrifood Systems Waste Disposal,Emissions (CH4),2006,kt,602.676858
United Kingdom of Great Britain and Northern Ireland,Agrifood Systems Waste Disposal,Emissions (CH4),2007,kt,206.292951
United Kingdom of Great Britain and Northern Ireland,Agrifood Systems Waste Disposal,Emissions (CH4),2008,kt,208.129052
United Kingdom of Great Britain and Northern Ireland,Agrifood Systems Waste Disposal,Emissions (CH4),2009,kt,219.376153
United Kingdom of Great Britain and Northern Ireland,Agrifood Systems Waste Disposal,Emissions (CH4),2010,kt,219.127571
United Kingdom of Great Britain and Northern Ireland,Agrifood Systems Waste Disposal,Emissions (CH4),2011,kt,219.926799
United Kingdom of Great Britain and Northern Ireland,Agrifood Systems Waste Disposal,Emissions (CH4),2012,kt,210.712327
United Kingdom of Great Britain and Northern Ireland,Agrifood Systems Waste Disposal,Emissions (CH4),2013,kt,211.591009
United Kingdom of Great Britain and Northern Ireland,Agrifood Systems Waste Disposal,Emissions (CH4),2014,kt,206.619654
United Kingdom of Great Britain and Northern Ireland,Agrifood Systems Waste Disposal,Emissions (CH4),2015,kt,202.437093
United Kingdom of Great Britain and Northern Ireland,Agrifood Systems Waste Disposal,Emissions (CH4),2016,kt,203.61516
United Kingdom of Great Britain and Northern Ireland,Agrifood Systems Waste Disposal,Emissions (CH4),2017,kt,203.374534
United Kingdom of Great Britain and Northern Ireland,Agrifood Systems Waste Disposal,Emissions (CH4),2018,kt,204.243315
United Kingdom of Great Britain and Northern Ireland,Agrifood Systems Waste Disposal,Emissions (CH4),2019,kt,204.836051
United Kingdom of Great Britain and Northern Ireland,Agrifood Systems Waste Disposal,Emissions (CH4),2020,kt,205.212391
United Kingdom of Great Britain and Northern Ireland,Agrifood Systems Waste Disposal,Emissions (CH4),2021,kt,205.785695
United Kingdom of Great Britain and Northern Ireland,Agrifood Systems Waste Disposal,Emissions (CH4),2022,kt,206.633044
United Kingdom of Great Britain and Northern Ireland,Agrifood Systems Waste Disposal,Emissions (CH4),2023,kt,207.502123
United Kingdom of Great Britain and Northern Ireland,Agrifood Systems Waste Disposal,Emissions (N2O),1990,kt,2.86132
United Kingdom of Great Britain and Northern Ireland,Agrifood Systems Waste Disposal,Emissions (N2O),1991,kt,2.843514
United Kingdom of Great Britain and Northern Ireland,Agrifood Systems Waste Disposal,Emissions (N2O),1992,kt,2.873426
United Kingdom of Great Britain and Northern Ireland,Agrifood Systems Waste Disposal,Emissions (N2O),1993,kt,2.869118
United Kingdom of Great Britain and Northern Ireland,Agrifood Systems Waste Disposal,Emissions (N2O),1994,kt,2.897953
United Kingdom of Great Britain and Northern Ireland,Agrifood Systems Waste Disposal,Emissions (N2O),1995,kt,2.888945
United Kingdom of Great Britain and Northern Ireland,Agrifood Systems Waste Disposal,Emissions (N2O),1996,kt,2.975097
United Kingdom of Great Britain and Northern Ireland,Agrifood Systems Waste Disposal,Emissions (N2O),1997,kt,3.081903
United Kingdom of Great Britain and Northern Ireland,Agrifood Systems Waste Disposal,Emissions (N2O),1998,kt,3.068316
United Kingdom of Great Britain and Northern Ireland,Agrifood Systems Waste Disposal,Emissions (N2O),1999,kt,3.08843
United Kingdom of Great Britain and Northern Ireland,Agrifood Systems Waste Disposal,Emissions (N2O),2000,kt,3.101026
United Kingdom of Great Britain and Northern Ireland,Agrifood Systems Waste Disposal,Emissions (N2O),2001,kt,3.156321
United Kingdom of Great Britain and Northern Ireland,Agrifood Systems Waste Disposal,Emissions (N2O),2002,kt,3.276724
United Kingdom of Great Britain and Northern Ireland,Agrifood Systems Waste Disposal,Emissions (N2O),2003,kt,3.299707
United Kingdom of Great Britain and Northern Ireland,Agrifood Systems Waste Disposal,Emissions (N2O),2004,kt,3.266626
United Kingdom of Great Britain and Northern Ireland,Agrifood Systems Waste Disposal,Emissions (N2O),2005,kt,3.269605
United Kingdom of Great Britain and Northern Ireland,Agrifood Systems Waste Disposal,Emissions (N2O),2006,kt,3.316792
United Kingdom of Great Britain and Northern Ireland,Agrifood Systems Waste Disposal,Emissions (N2O),2007,kt,3.342378
United Kingdom of Great Britain and Northern Ireland,Agrifood Systems Waste Disposal,Emissions (N2O),2008,kt,3.336934
United Kingdom of Great Britain and Northern Ireland,Agrifood Systems Waste Disposal,Emissions (N2O),2009,kt,3.498427
United Kingdom of Great Britain and Northern Ireland,Agrifood Systems Waste Disposal,Emissions (N2O),2010,kt,3.510781
United Kingdom of Great Britain and Northern Ireland,Agrifood Systems Waste Disposal,Emissions (N2O),2011,kt,3.548036
United Kingdom of Great Britain and Northern Ireland,Agrifood Systems Waste Disposal,Emissions (N2O),2012,kt,3.43283
United Kingdom of Great Britain and Northern Ireland,Agrifood Systems Waste Disposal,Emissions (N2O),2013,kt,3.445872
United Kingdom of Great Britain and Northern Ireland,Agrifood Systems Waste Disposal,Emissions (N2O),2014,kt,3.556337
United Kingdom of Great Britain and Northern Ireland,Agrifood Systems Waste Disposal,Emissions (N2O),2015,kt,3.601893
United Kingdom of Great Britain and Northern Ireland,Agrifood Systems Waste Disposal,Emissions (N2O),2016,kt,3.667543
United Kingdom of Great Britain and Northern Ireland,Agrifood Systems Waste Disposal,Emissions (N2O),2017,kt,3.673176
United Kingdom of Great Britain and Northern Ireland,Agrifood Systems Waste Disposal,Emissions (N2O),2018,kt,3.697556
United Kingdom of Great Britain and Northern Ireland,Agrifood Systems Waste Disposal,Emissions (N2O),2019,kt,3.630922
United Kingdom of Great Britain and Northern Ireland,Agrifood Systems Waste Disposal,Emissions (N2O),2020,kt,3.744184
United Kingdom of Great Britain and Northern Ireland,Agrifood Systems Waste Disposal,Emissions (N2O),2021,kt,3.681374
United Kingdom of Great Britain and Northern Ireland,Agrifood Systems Waste Disposal,Emissions (N2O),2022,kt,3.702524
United Kingdom of Great Britain and Northern Ireland,Agrifood Systems Waste Disposal,Emissions (N2O),2023,kt,3.728043
United Kingdom of Great Britain and Northern Ireland,Agrifood Systems Waste Disposal,Emissions (CO2eq) (AR5),1990,kt,8004.450049
United Kingdom of Great Britain and Northern Ireland,Agrifood Systems Waste Disposal,Emissions (CO2eq) (AR5),1991,kt,8083.778557
United Kingdom of Great Britain and Northern Ireland,Agrifood Systems Waste Disposal,Emissions (CO2eq) (AR5),1992,kt,8155.947223
United Kingdom of Great Britain and Northern Ireland,Agrifood Systems Waste Disposal,Emissions (CO2eq) (AR5),1993,kt,8187.867412
United Kingdom of Great Britain and Northern Ireland,Agrifood Systems Waste Disposal,Emissions (CO2eq) (AR5),1994,kt,8249.020885
United Kingdom of Great Britain and Northern Ireland,Agrifood Systems Waste Disposal,Emissions (CO2eq) (AR5),1995,kt,8379.902337
United Kingdom of Great Britain and Northern Ireland,Agrifood Systems Waste Disposal,Emissions (CO2eq) (AR5),1996,kt,8300.843907
United Kingdom of Great Britain and Northern Ireland,Agrifood Systems Waste Disposal,Emissions (CO2eq) (AR5),1997,kt,8439.662995
United Kingdom of Great Britain and Northern Ireland,Agrifood Systems Waste Disposal,Emissions (CO2eq) (AR5),1998,kt,13060.304732
United Kingdom of Great Britain and Northern Ireland,Agrifood Systems Waste Disposal,Emissions (CO2eq) (AR5),1999,kt,8198.848581
United Kingdom of Great Britain and Northern Ireland,Agrifood Systems Waste Disposal,Emissions (CO2eq) (AR5),2000,kt,8053.168146
United Kingdom of Great Britain and Northern Ireland,Agrifood Systems Waste Disposal,Emissions (CO2eq) (AR5),2001,kt,7854.026891
United Kingdom of Great Britain and Northern Ireland,Agrifood Systems Waste Disposal,Emissions (CO2eq) (AR5),2002,kt,8356.335855
United Kingdom of Great Britain and Northern Ireland,Agrifood Systems Waste Disposal,Emissions (CO2eq) (AR5),2003,kt,8247.591727
United Kingdom of Great Britain and Northern Ireland,Agrifood Systems Waste Disposal,Emissions (CO2eq) (AR5),2004,kt,8157.928331
United Kingdom of Great Britain and Northern Ireland,Agrifood Systems Waste Disposal,Emissions (CO2eq) (AR5),2005,kt,17714.53837
United Kingdom of Great Britain and Northern Ireland,Agrifood Systems Waste Disposal,Emissions (CO2eq) (AR5),2006,kt,18685.36351
United Kingdom of Great Britain and Northern Ireland,Agrifood Systems Waste Disposal,Emissions (CO2eq) (AR5),2007,kt,7597.688344
United Kingdom of Great Britain and Northern Ireland,Agrifood Systems Waste Disposal,Emissions (CO2eq) (AR5),2008,kt,7645.914602
United Kingdom of Great Britain and Northern Ireland,Agrifood Systems Waste Disposal,Emissions (CO2eq) (AR5),2009,kt,7997.316779
United Kingdom of Great Britain and Northern Ireland,Agrifood Systems Waste Disposal,Emissions (CO2eq) (AR5),2010,kt,7994.595449
United Kingdom of Great Britain and Northern Ireland,Agrifood Systems Waste Disposal,Emissions (CO2eq) (AR5),2011,kt,8029.100883
United Kingdom of Great Britain and Northern Ireland,Agrifood Systems Waste Disposal,Emissions (CO2eq) (AR5),2012,kt,7741.090483
United Kingdom of Great Britain and Northern Ireland,Agrifood Systems Waste Disposal,Emissions (CO2eq) (AR5),2013,kt,7770.071317
United Kingdom of Great Britain and Northern Ireland,Agrifood Systems Waste Disposal,Emissions (CO2eq) (AR5),2014,kt,7663.262356
United Kingdom of Great Britain and Northern Ireland,Agrifood Systems Waste Disposal,Emissions (CO2eq) (AR5),2015,kt,7556.737182
United Kingdom of Great Britain and Northern Ireland,Agrifood Systems Waste Disposal,Emissions (CO2eq) (AR5),2016,kt,7604.35201
United Kingdom of Great Britain and Northern Ireland,Agrifood Systems Waste Disposal,Emissions (CO2eq) (AR5),2017,kt,7598.998686
United Kingdom of Great Britain and Northern Ireland,Agrifood Systems Waste Disposal,Emissions (CO2eq) (AR5),2018,kt,7632.027331
United Kingdom of Great Britain and Northern Ireland,Agrifood Systems Waste Disposal,Emissions (CO2eq) (AR5),2019,kt,7630.739162
United Kingdom of Great Britain and Northern Ireland,Agrifood Systems Waste Disposal,Emissions (CO2eq) (AR5),2020,kt,7669.477157
United Kingdom of Great Britain and Northern Ireland,Agrifood Systems Waste Disposal,Emissions (CO2eq) (AR5),2021,kt,7673.870297
United Kingdom of Great Britain and Northern Ireland,Agrifood Systems Waste Disposal,Emissions (CO2eq) (AR5),2022,kt,7702.896288
United Kingdom of Great Britain and Northern Ireland,Agrifood Systems Waste Disposal,Emissions (CO2eq) (AR5),2023,kt,7736.667962
United Kingdom of Great Britain and Northern Ireland,Cold Chain F-Gas,Emissions (CO2eq) from F-gases (AR5),1990,kt,3715.652211
United Kingdom of Great Britain and Northern Ireland,Cold Chain F-Gas,Emissions (CO2eq) from F-gases (AR5),1991,kt,3604.996191
United Kingdom of Great Britain and Northern Ireland,Cold Chain F-Gas,Emissions (CO2eq) from F-gases (AR5),1992,kt,3615.256039
United Kingdom of Great Britain and Northern Ireland,Cold Chain F-Gas,Emissions (CO2eq) from F-gases (AR5),1993,kt,120.669713
United Kingdom of Great Britain and Northern Ireland,Cold Chain F-Gas,Emissions (CO2eq) from F-gases (AR5),1994,kt,26.167561
United Kingdom of Great Britain and Northern Ireland,Cold Chain F-Gas,Emissions (CO2eq) from F-gases (AR5),1995,kt,48.115188
United Kingdom of Great Britain and Northern Ireland,Cold Chain F-Gas,Emissions (CO2eq) from F-gases (AR5),1996,kt,194.682358
United Kingdom of Great Britain and Northern Ireland,Cold Chain F-Gas,Emissions (CO2eq) from F-gases (AR5),1997,kt,412.51753
United Kingdom of Great Britain and Northern Ireland,Cold Chain F-Gas,Emissions (CO2eq) from F-gases (AR5),1998,kt,719.559597
United Kingdom of Great Britain and Northern Ireland,Cold Chain F-Gas,Emissions (CO2eq) from F-gases (AR5),1999,kt,1092.915407
United Kingdom of Great Britain and Northern Ireland,Cold Chain F-Gas,Emissions (CO2eq) from F-gases (AR5),2000,kt,1468.785581
United Kingdom of Great Britain and Northern Ireland,Cold Chain F-Gas,Emissions (CO2eq) from F-gases (AR5),2001,kt,1828.053622
United Kingdom of Great Britain and Northern Ireland,Cold Chain F-Gas,Emissions (CO2eq) from F-gases (AR5),2002,kt,2150.226304
United Kingdom of Great Britain and Northern Ireland,Cold Chain F-Gas,Emissions (CO2eq) from F-gases (AR5),2003,kt,2501.644963
United Kingdom of Great Britain and Northern Ireland,Cold Chain F-Gas,Emissions (CO2eq) from F-gases (AR5),2004,kt,2868.651456
United Kingdom of Great Britain and Northern Ireland,Cold Chain F-Gas,Emissions (CO2eq) from F-gases (AR5),2005,kt,3265.046571
United Kingdom of Great Britain and Northern Ireland,Cold Chain F-Gas,Emissions (CO2eq) from F-gases (AR5),2006,kt,3693.050067
United Kingdom of Great Britain and Northern Ireland,Cold Chain F-Gas,Emissions (CO2eq) from F-gases (AR5),2007,kt,4118.758758
United Kingdom of Great Britain and Northern Ireland,Cold Chain F-Gas,Emissions (CO2eq) from F-gases (AR5),2008,kt,4481.084307
United Kingdom of Great Britain and Northern Ireland,Cold Chain F-Gas,Emissions (CO2eq) from F-gases (AR5),2009,kt,4812.342589
United Kingdom of Great Britain and Northern Ireland,Cold Chain F-Gas,Emissions (CO2eq) from F-gases (AR5),2010,kt,5157.869868
United Kingdom of Great Britain and Northern Ireland,Cold Chain F-Gas,Emissions (CO2eq) from F-gases (AR5),2011,kt,5480.60594
United Kingdom of Great Britain and Northern Ireland,Cold Chain F-Gas,Emissions (CO2eq) from F-gases (AR5),2012,kt,5752.19707
United Kingdom of Great Britain and Northern Ireland,Cold Chain F-Gas,Emissions (CO2eq) from F-gases (AR5),2013,kt,5894.900913
United Kingdom of Great Britain and Northern Ireland,Cold Chain F-Gas,Emissions (CO2eq) from F-gases (AR5),2014,kt,5891.390615
United Kingdom of Great Britain and Northern Ireland,Cold Chain F-Gas,Emissions (CO2eq) from F-gases (AR5),2015,kt,5761.192821
United Kingdom of Great Britain and Northern Ireland,Cold Chain F-Gas,Emissions (CO2eq) from F-gases (AR5),2016,kt,5619.659211
United Kingdom of Great Britain and Northern Ireland,Cold Chain F-Gas,Emissions (CO2eq) from F-gases (AR5),2017,kt,5437.20561
United Kingdom of Great Britain and Northern Ireland,Cold Chain F-Gas,Emissions (CO2eq) from F-gases (AR5),2018,kt,5145.440841
United Kingdom of Great Britain and Northern Ireland,Cold Chain F-Gas,Emissions (CO2eq) from F-gases (AR5),2019,kt,4793.781243
United Kingdom of Great Britain and Northern Ireland,Cold Chain F-Gas,Emissions (CO2eq) from F-gases (AR5),2020,kt,4518.416889
United Kingdom of Great Britain and Northern Ireland,Cold Chain F-Gas,Emissions (CO2eq) from F-gases (AR5),2021,kt,4269.374154
United Kingdom of Great Britain and Northern Ireland,Cold Chain F-Gas,Emissions (CO2eq) from F-gases (AR5),2022,kt,4269.374154
United Kingdom of Great Britain and Northern Ireland,Cold Chain F-Gas,Emissions (CO2eq) from F-gases (AR5),2023,kt,4269.374154
